shc_item_id,shc_item_desc,business_unit,sears_div_nbr,sears_ln_nbr,sears_itm_nbr,unit_cost,starting_price,Abt Electronics,Amazon,Bed Bath and Beyond,BestBuy,Dick s Sporting Goods,Harbor Freight Tools,Home Depot,JC Penney,Kohls,Lowes,Macys,Menards,NordicTrack,Northern Tool,Office Depot,P.C. Richard Son,Staples,Target,ToysRUs,Walmart,Wayfair,hhgregg,min comp price,MR_current
65493531,WCH RELIC ZR33504 L,JEWELRY,44,65.0,49877,30.5,,,,,,,,,56.0,,,,,,,,,,,,,,,56.0,
7734956,WTCH LDS DIAM DIAL 75 5195SVTT,JEWELRY,44,65.0,80629,30.55,45.0,,45.0,,,,,,,64.99,,,,,,,,,,,45.0,,,45.0,0.321111111111
4768114,WTCH RELIC MENS GUNRED MULTI,JEWELRY,44,65.0,15313,43.5,75.0,,75.0,,,,,,,100.0,,,,,,,,,,,,,,75.0,0.42
6572425,WTCH LDS ECO WR100 SST BRAC WHITE,JEWELRY,44,65.0,90161,118.0,,221.25,188.8,221.25,,,,,,295.0,,,,,,,,,,,,,,188.8,
7734707,WTCH LDS BANGLE 75 3746MPGP,JEWELRY,44,65.0,80639,25.85,44.99,,41.24,,,,,,,54.99,,,,,,,,,,,,,,41.24,0.425427872861
1233717,ANADIGI 4942GRY,JEWELRY,44,65.0,95913,24.75,,,29.12,,,,,,,,,,,,,,,,,,,,,29.12,
1235620,ANADIGI 5062RED,JEWELRY,44,65.0,95902,24.75,,,39.4,,,,,,,,,,,,,,,,,,,,,39.4,
1275097,ANADIGI 5108RED,JEWELRY,44,65.0,95896,24.75,,,32.73,,,,,,,,,,,,,,,,,,,,,32.73,
1389440,WTCH CASIO WV200DA-1,JEWELRY,44,65.0,13573,33.8,48.71,,39.59,,,,,,,,,,,,,,,,39.99,,,,,39.59,0.306097310614
1510022,BNGL WTCH 5322BKGP,JEWELRY,44,65.0,96478,24.75,,,34.0,,,,,,,,,,,,,,,,,,,,,34.0,
1510060,LADIES SILVER TONE EXPANSION WATCH,JEWELRY,44,65.0,57904,43.3,74.62,,74.62,,,,,,,,,,,,,,,,,,,,,74.62,0.419726614849
1510143,BNGL WTCH 5322SVTT,JEWELRY,44,65.0,96385,24.75,,,34.0,,,,,,,,,,,,,,,,,,,,,34.0,
15287711,ARMITRON WATCH LDS ANA SIL RESIN CS,JEWELRY,44,65.0,44005,11.28,8.74,,8.74,,,,,,,,,,,,,,,,19.99,,,,,8.74,-0.29061784897
1545106,MENS SILVER TONE CALENDAR WATCH,JEWELRY,44,65.0,5818,53.5,93.75,,54.93,,,,,,,,,,,,,,,,,,,,,54.93,0.429333333333
1545275,LADIES TWO TONE MOTHER OF PEARL DIAL WAT,JEWELRY,44,65.0,58364,57.5,101.25,,54.82,,,,,,108.0,,,,,,,,,,,,,,,54.82,0.432098765432
1545301,LADIES GOLD TONE MOTHER OF PEARL DIAL WA,JEWELRY,44,65.0,58366,57.5,101.25,,101.21,,,,,,,,,,,,,,,,,,,,,101.21,0.432098765432
1545354,LADIES TWO TONE CRYSTAL BEZEL WATCH,JEWELRY,44,65.0,58383,57.5,101.25,,58.07,,,,,,108.0,,,,,,,,,,,,,,,58.07,0.432098765432
1545437,LADIES GOLD TONE CALENDAR WATCH,JEWELRY,44,65.0,58693,43.5,,,59.99,,,,,,,,,,,,,,,,,,,,,59.99,
1547151,LADIES SILVER TONE MOTHER OF PEARL DIAL,JEWELRY,44,65.0,5887,53.5,93.75,,,,,,,,100.0,,,,,,,,,,,,,,,100.0,0.429333333333
1547195,ARMI WATCH 8177RED,JEWELRY,44,65.0,13637,13.54,14.39,,14.39,,,,,,,29.99,,,,,,,,,14.39,,14.67,,,14.39,0.0590687977762
1571014,STRP WTCH 5338MPRGBH,JEWELRY,44,65.0,96301,24.75,,,41.24,,,,,,,,,,,,,,,,,,,,,41.24,
1582767,BRC WTCH 5345MPTT,JEWELRY,44,65.0,96282,29.25,,,48.74,,,,,,,,,,,,,,,,,,,,,48.74,
1586580,BRC CER 5348BHRG,JEWELRY,44,65.0,96234,42.75,,,71.24,,,,,,,,,,,,,,,,,,,,,71.24,
1587977,BRC CER 5348BKGP,JEWELRY,44,65.0,96198,40.5,,,62.99,,,,,,,,,,,,,,,,,,,,,62.99,
1606456,BNGL WTCH 5366MPSV,JEWELRY,44,65.0,96054,40.5,,,32.0,,,,,,,,,,,,,,,,,,,,,32.0,
1623601,BRC WTCH 4935BLSV,JEWELRY,44,65.0,96020,29.25,,,41.85,,,,,,,,,,,,,,,,,,,,,41.85,
1635731,BRC WTCH 4962BKGP,JEWELRY,44,65.0,96000,37.55,,,59.99,,,,,,,,,,,,,,,,,,,,,59.99,
1637815,BRC WTCH 4962BKSV,JEWELRY,44,65.0,95997,30.55,,,48.74,,,,,,,,,,,,,,,,,,,,,48.74,
1689354,STRP WTCH 5048GDTIBK,JEWELRY,44,65.0,95977,31.5,,,52.49,,,,,,,,,,,,,,,,,,,,,52.49,
17334515,CASIO MNS WATCH W96H-1A,JEWELRY,44,65.0,49435,10.0,16.07,,16.07,,,,,,,22.95,,,,,,,,,17.49,,,,,16.07,0.377722464219
1734047,WTCH BULOVA 96L116,JEWELRY,44,65.0,13641,148.75,122.5,,122.5,,,,,,,350.0,,,,,,,,,,,,,,122.5,-0.214285714286
18200211,TMXMENS EXP WATCH MENSEXP MET GRN DIAL,JEWELRY,44,65.0,34163,25.44,,,33.99,,,,,,,,,,,,,,,,,,33.99,,,33.99,
2017306,WTCH ARMITRON 45 700LDS RED FASTWRAP,JEWELRY,44,65.0,13742,11.28,15.99,,15.99,,,,,,,29.99,,,,,,,,,15.99,,15.99,,,15.99,0.294559099437
2191250,WTCH ARMITRON 40 8209BLK DIGITAL,JEWELRY,44,65.0,13714,11.28,18.74,,18.74,,,,,,,29.99,,,,,,,,,19.99,,,,,18.74,0.398078975454
22069011,TIMEX MENS WATCH MEN S DATE INDIGLO,JEWELRY,44,65.0,34162,26.11,,,29.43,,,,,,,54.95,,,,,,,,,,,29.43,,,29.43,
2517521,WTCH ARMTRN 20 4507DGSV MENS CRYSTL DIAL,JEWELRY,44,65.0,13777,32.85,38.65,,37.79,,,,,,,69.99,,,,,,,,,37.99,,37.79,,,37.79,0.150064683053
2776546,PND DIA 1 10CTW GOS ICON HEART,JEWELRY,44,32.0,23326,37.14,34.99,,,,,,,,,,,,,,,,,,,,68.0,,,68.0,-0.061446127465
2776685,PND DIA 1 10CTW GOS CROSS HEART,JEWELRY,44,32.0,23328,37.3,34.99,,,,,,,,,,,,,,,,,,,,68.0,,,68.0,-0.0660188625322
2776711,PND DIA 1 10CTW GOS DBL HEART,JEWELRY,44,32.0,23329,37.3,34.99,,,,,,,,,,,,,,,,,,,,68.0,,,68.0,-0.0660188625322
2784127,RNG DIA 1 4CTW SS BLK WHT HEART 7,JEWELRY,44,32.0,23343,55.74,,,,,,,,,,,,,,,,,,,,,98.0,,,98.0,
27985811,CAS MENS WATCH GSHOCK MENS WATCH,JEWELRY,44,65.0,42225,50.0,58.82,,54.88,,,,,,,120.0,,,,,,,,60.39,99.99,,,,,54.88,0.14994899694
27986111,CAS MENS WATCH CASIO MENS 200M WATC,JEWELRY,44,65.0,13121,25.22,,,23.99,,,,,,,,,,,,,,,,,,23.99,,,23.99,
3091061,M BLKNVY DIGI STRP,JEWELRY,44,65.0,90621,13.54,,,22.49,,,,,,,,,,,,,,,,,,,,,22.49,
3161444,WTCH ARMITRON MENS DGTL METAL RED DIAL,JEWELRY,44,65.0,14585,13.54,20.69,,20.69,,,,,,,39.99,,,,,,,,,20.99,,20.69,,,20.69,0.345577573707
3211628,PND SS BHG CROSS OXIDIZED,JEWELRY,44,40.0,52009,31.57,89.99,,,,,,,,,175.0,,,,,,,,,,,58.0,,,58.0,0.649183242583
3248981,MENS COUTURA KINETIC RETROGRADE,JEWELRY,44,65.0,60285,184.13,231.85,,231.85,318.75,,,,,,425.0,,,,,,,,,,,,,,231.85,0.205822730214
3249011,LADIES COUTURA SOLAR DIAMOND BEZEL,JEWELRY,44,65.0,60293,213.88,251.62,,215.36,371.25,,,,,,495.0,,,,,,,,,,,,,,215.36,0.149988077259
3249110,LADIES RECRAFT CRYSTAL SOLAR,JEWELRY,44,65.0,6930,120.38,155.25,,155.25,206.25,,,,,,,,,,,,,,,,,,,,155.25,0.22460547504
3249340,LADIES SOLAR CRYSTAL BEZEL WATCH,JEWELRY,44,65.0,6937,109.75,,,108.44,,,,,,,,,,,,,,,,,,,,,108.44,
3249444,LADIES SILVER TONE SOLAR DRESS WATCH,JEWELRY,44,65.0,6954,94.88,111.62,,102.94,,,,,,,,,,,,,,,,,,,,,102.94,0.149973123096
3249501,MENS COUTURA SOLAR PERPETUAL CHRONOGRAPH,JEWELRY,44,65.0,6968,226.63,309.99,,309.99,,,,,,,525.0,,,,,,,,,,,,,,309.99,0.268911900384
3251909,MENS SOLAR CALENDAR WATCH,JEWELRY,44,65.0,7010,99.13,116.62,,103.11,168.75,,,,,,,,,,,,,,,,,,,,103.11,0.149974275424
3252858,LADIES COUTURA SOLAR DIAMOND BEZEL,JEWELRY,44,65.0,7015,205.38,,,,356.25,,,,,,475.0,,,,,,,,,,,,,,356.25,
3252864,MENS LE GRAND SPORT SOLAR,JEWELRY,44,65.0,7016,141.63,,,197.94,,,,,,243.75,,,,,,,,,,,,,,,197.94,
3252896,MENS BLUE DIAL BLUE BEZEL SOLAR CALENDAR,JEWELRY,44,65.0,7025,109.75,,,,,,,,,187.5,,,,,,,,,,,,,,,187.5,
3253075,LADIES SOLAR WATCH,JEWELRY,44,65.0,7027,94.88,121.95,,121.95,161.25,,,,,161.25,,,,,,,,,,,,,,,121.95,0.221976219762
3253087,LADIES TWO TONE WHITE DIAL SOLAR DRESS W,JEWELRY,44,65.0,7029,109.75,136.08,,136.08,,,,,,,,,,,,,,,,,,,,,136.08,0.193489124045
3253093,LADIES TWO TNOE BLACK DIAL SOLAR DRESS W,JEWELRY,44,65.0,7030,109.75,187.5,,198.75,,,,,,,,,,,,,,,,,,,,,198.75,0.414666666667
3366537,WTCH ARMITRON 4692BK GENTS BK IP DATE,JEWELRY,44,65.0,14383,35.25,48.49,,48.49,,,,,,,74.99,,,,,,,,,56.99,,,,,48.49,0.273045988864
3371003,WTCH ARMITRON 7012BL LDS SS BLACK,JEWELRY,44,65.0,14382,11.28,16.59,,16.59,,,,,,,29.99,,,,,,,,,,,16.59,,,16.59,0.320072332731
4026102,WTCH BULOVA MEN 2 TONE SS BRCLT CRYST,JEWELRY,44,65.0,14987,127.08,224.25,,224.25,,,,,,,299.0,,,,,,,,,,,,,,224.25,0.433311036789
4274080,NCK SS CRYSTAL WHT FWP HEART DANGLE 18,JEWELRY,44,22.0,73008,30.0,29.99,,,,,,,,,175.0,,,,,,,,,,,,,,175.0,-0.000333444481494
4523557,WTCH CITIZEN MEN ECO WR100 SSB STRA,JEWELRY,44,65.0,15240,78.0,146.25,146.25,136.5,146.25,,,,,146.25,,,,,,,,,,,,,,,136.5,0.466666666667
4532418,WTCH CITZN MEN ECO WR100 SSB STRA BLACK,JEWELRY,44,65.0,15246,78.0,146.25,146.25,146.25,146.25,,,,,146.25,195.0,,,,,,,,,,,,,,146.25,0.466666666667
4684086,WTCH CTZN ECO DRIVEMEN SS BLUE ANGELS,JEWELRY,44,65.0,15780,260.0,487.5,487.5,416.0,487.5,,,,,,,,,,,,,,,,,,,,416.0,0.466666666667
4754230,WTCH BULOVA BRN LEATHER SLVR WHT RSE,JEWELRY,44,65.0,15267,84.58,149.25,,,,,,,,149.25,,,,,,,,,,,,,,,149.25,0.433299832496
47587911,LDS NOW DRESS WATCH LDS NOW DRESS WATCH,JEWELRY,44,65.0,42555,28.15,33.12,,29.72,,,,,,,59.99,,,,,,,,,,,29.72,,,29.72,0.150060386473
4767196,WTCH CASIO WATER RESIST LED LIGHT,JEWELRY,44,65.0,15295,10.0,14.96,,17.9,,,,,,,,,,,,,,,,,,17.91,,,17.9,0.331550802139
4767633,WTCH CASIO 50M WATRRESIST LED LIGHT,JEWELRY,44,65.0,15304,14.0,22.46,,25.47,,,,,,,,,,,,,,,,29.99,,,,,25.47,0.376669634907
4942956,WTCH RELIC MENS BLKIP CHRONO SS CSE BLU,JEWELRY,44,65.0,15359,52.0,33.6,,49.18,,,,,,,,,,,,,,,,,,,,,49.18,-0.547619047619
4942958,WTCH RELIC MENS BLKDIAL SLVR SS CASE,JEWELRY,44,65.0,15358,45.5,29.4,,33.6,,,,,,,105.0,,,,,,,,,,,,,,33.6,-0.547619047619
4971426,WTCH BULOVA WHT MOPTWO TONE CRYSTL WATR,JEWELRY,44,65.0,15705,169.58,299.25,,,,,,,,299.25,,,,,,,,,,,,,,,299.25,0.433316624896
5254273,WTCH TIMEX CORE EASY READR BLUE STRP,JEWELRY,44,65.0,15608,24.48,28.8,,28.23,,,,,,,,,,,,,,,,,,28.23,,,28.23,0.15
5357612,WTCH BLVA MENS CRYSCOLL STNLS STL GLD,JEWELRY,44,65.0,16828,212.08,299.0,,299.0,374.25,,,,,374.25,499.0,,,,,,,,,,,,,,299.0,0.290702341137
5357967,WTCH BLVA LDS DIA COLLECT STNLS STL,JEWELRY,44,65.0,16835,233.75,192.5,,,,,,,,,550.0,,,,,,,,,,,,,,550.0,-0.214285714286
54992811,CASIO ANA-DIGI RESINANW320R-1EV WATCH,JEWELRY,44,65.0,10654,48.5,,,,,,,,,79.96,100.0,,,,,,,,62.89,58.99,,59.83,,,58.99,
5670299,MEN S BLACK DIGITAL SPORRT WATCH,JEWELRY,44,65.0,16280,13.54,10.49,,22.49,,,,,,,34.99,,,,,,,,,22.5,,22.49,,,22.49,-0.290753098189
6013923,WTCH CASIO MULT BNDATOMIC TIMEKEEP CALI,JEWELRY,44,65.0,16328,83.2,120.0,,,,,,,,,,,,,,,,,,,,92.81,,,92.81,0.306666666667
6161873,WTCH CITIZEN LDS ECOSSG MOP DIAL SWAROVS,JEWELRY,44,65.0,16506,130.0,91.0,,243.75,,,,,,,,,,,,,,,,,,,,,243.75,-0.428571428571
6165883,GA1053-01A L ECO SSRG STR,JEWELRY,44,65.0,16505,78.0,146.25,,136.5,146.25,,,,,146.25,,,,,,,,,,,,,,,136.5,0.466666666667
6165904,WTCH CITIZEN LDS QUARTZ SSG DAY DATE,JEWELRY,44,65.0,16512,60.0,41.99,,101.69,,,,,,,,,,,,,,,,,,,,,101.69,-0.42891164563
6165912,WTCH CITIZEN MNS QRTZ SSG CHRONO BRN,JEWELRY,44,65.0,16513,65.0,45.49,,110.49,,,,,,129.99,,,,,,,,,,,,,,,110.49,-0.428885469334
6304909,WTCH STAINLESS STEEL DIAMOND DIAL,JEWELRY,44,65.0,16444,201.88,249.37,,249.37,,,,,,356.25,475.0,,,,,,,,,,,,,,249.37,0.19043990857
6352745,BEDSIDE ALARM WITH BEEP ALARM,JEWELRY,44,65.0,3684,14.75,18.75,,,,,,,,,25.0,,,,,,,,,,,,,,25.0,0.213333333333
6352776,ANNIVERSARY MANTEL CLOCK WITH GLASS DOME,JEWELRY,44,65.0,3695,46.25,71.25,,,,,,,,,95.0,,,,,,,,,,,,,,95.0,0.350877192982
6352783,PENDULUM WALL CLOCK,JEWELRY,44,65.0,3703,48.5,75.0,,79.15,,,,,,,90.0,,,,,,,,107.99,,,,,,79.15,0.353333333333
6352785,WOODEN DESK CLOCK,JEWELRY,44,65.0,3705,46.25,71.25,,65.0,,,,,,,,,,,,,,,,,,,,,65.0,0.350877192982
6352788,SCHOOLHOUSE WALL CLOCK WITH PENDULUM,JEWELRY,44,65.0,3708,118.25,191.25,,,,,,,,,,,,,,,,,303.99,,,,,,303.99,0.381699346405
6352812,MUSICAL WALL CLOCK WITH 18 HI FI MELODIE,JEWELRY,44,65.0,3714,176.75,288.75,,229.0,,,,,,,,,,,,,,,,,,,,,229.0,0.387878787879
6352814,MELODIES IN MOTION WITH 18 HI FI MELODIE,JEWELRY,44,65.0,3716,176.75,288.75,,234.48,,,,,,,,,,,,,,,,,,,,,234.48,0.387878787879
6352817,CHIME MANTEL WITH PENDULUM,JEWELRY,44,65.0,3719,100.25,161.25,,133.84,,,,,,,215.0,,,,,,,,,,,,,,133.84,0.378294573643
6352901,DESK AND TABLE WITH WORLD TIME BEZEL,JEWELRY,44,65.0,40482,62.0,97.5,,,,,,,,,,,,,,,,,147.99,,,,,,147.99,0.364102564103
6352908,SILVER DIAL QUIET SWEEP WALL CLOCK,JEWELRY,44,65.0,41430,26.0,,,37.5,,,,,,,50.0,,,,,,,,,,,,,,37.5,
6352910,THREE CITY WORLD TIME WALL CLOCK,JEWELRY,44,65.0,41501,66.5,105.0,,105.0,,,,,,,140.0,,,,,,,,,,,,,,105.0,0.366666666667
6352915,SCHOOLHOUSE WALL CLOCK WITH PENDULUM,JEWELRY,44,65.0,42281,86.75,138.75,,129.0,,,,,,,185.0,,,,,,,,,,,,,,129.0,0.374774774775
6352927,MUSICAL WALL WITH PENDULUM AND 12 HI FI,JEWELRY,44,65.0,43321,71.0,112.5,,99.0,,,,,,,,,,,,,,,,,,,,,99.0,0.368888888889
6352993,CHIME MANTEL CLOCK WITH PENDULUIM,JEWELRY,44,65.0,43426,104.75,168.75,,154.48,,,,,,,,,,,,,,,,,,,,,154.48,0.379259259259
6352996,GET UP AND GLOW TRAVEL ALARM WITH SNOOZE,JEWELRY,44,65.0,44502,19.25,26.25,,22.47,,,,,,,35.0,,,,,,,,59.99,,,,,,22.47,0.266666666667
6353041,BEDSIDE ALARM WITH BEEP ALARM,JEWELRY,44,65.0,44984,14.75,18.75,,,,,,,,,25.0,,,,,,,,,,,,,,25.0,0.213333333333
6353046,ANNIVERSARY MANTEL CLOCK WITH GLASS DOME,JEWELRY,44,65.0,45475,46.25,71.25,,63.75,,,,,,,,,,,,,,,,,,,,,63.75,0.350877192982
6353047,GET UP AND GLOW R WAVE BEDSIDE ALARM WIT,JEWELRY,44,65.0,45477,35.0,52.5,,,,,,,,,70.0,,,,,,,,91.99,,,,,,70.0,0.333333333333
6353054,ROMAN NUMERAL STYLE WALL CLOCK,JEWELRY,44,65.0,45522,26.0,37.5,,37.5,,,,,,,,,,,,,,,79.99,,,,,,37.5,0.306666666667
6353056,QUIET SWEEP SILVER TONE WALL CLOCK,JEWELRY,44,65.0,45550,35.0,52.5,,52.5,,,,,,,70.0,,,,,,,,,,,,,,52.5,0.333333333333
6353061,BLACK BROWN WOODEN WALL CLOCK,JEWELRY,44,65.0,45586,149.75,243.75,,199.0,,,,,,,325.0,,,,,,,,,,,,,,199.0,0.385641025641
6353070,MUSICAL MANTEL WITH 12 HI FI MELODIES,JEWELRY,44,65.0,45613,136.25,221.25,,182.53,,,,,,,,,,,,,,,,,,,,,182.53,0.38418079096
6353112,TRAVEL ALARM WITH FOLDING STAND DIAL LI,JEWELRY,44,65.0,45717,15.88,20.62,,,,,,,,,27.5,,,,,,,,,,,,,,27.5,0.229873908826
6353113,BLACK DIAL WALL CLOCK,JEWELRY,44,65.0,45718,19.25,26.25,,,,,,,,,35.0,,,,,,,,,,,,,,35.0,0.266666666667
6353116,BLACK DIAL WALL CLOCK,JEWELRY,44,65.0,45721,57.5,90.0,,72.65,,,,,,,120.0,,,,,,,,,,,,,,72.65,0.361111111111
6353128,PENDULUM WALL CLOCK,JEWELRY,44,65.0,45920,149.75,185.99,,,,,,,,,325.0,,,,,,,,,,,,,,325.0,0.19484918544
6353131,MELODIES IN MODTION WALL CLOCK,JEWELRY,44,65.0,46185,251.0,412.5,,319.0,,,,,,,,,,,,,,,,,,,,,319.0,0.391515151515
6353132,MUSICAL WALL WITH 18 HI FI MELODIES,JEWELRY,44,65.0,46186,59.75,93.75,,,,,,,,,125.0,,,,,,,,,,,,,,125.0,0.362666666667
6353133,MUSICAL WALL WITH PENDULUM AND 12 HI FI,JEWELRY,44,65.0,46212,71.0,112.5,,99.0,,,,,,,150.0,,,,,,,,,,,,,,99.0,0.368888888889
6353138,CHIME MANTEL CLOCK WITH PENDULUIM,JEWELRY,44,65.0,46266,109.25,176.25,,148.55,,,,,,,235.0,,,,,,,,,,,,,,148.55,0.380141843972
6358163,WTCH TIMEX MENS TWOTONE SLVR ARABIC NUM,JEWELRY,44,65.0,16565,29.38,23.99,,,,,,,,,59.95,,,,,,,,,,,,,,59.95,-0.224676948729
6409355,WTCH WOMEN GOLD TONE STLS STEEL,JEWELRY,44,65.0,16789,61.5,,,33.86,,,,,,,,,,,,,,,,,,,,,33.86,
6413386,WTCH WOMEN TWO TONE STLS STEEL,JEWELRY,44,65.0,16709,180.63,148.75,,189.99,,,,,,318.75,,,,,,,,,,,,,,,189.99,-0.214319327731
6455514,SEIKO MENS SILVER TONE WHITE DIAL SOLAR,JEWELRY,44,65.0,80520,90.63,106.62,,96.98,139.99,,,,,153.75,,,,,,,,,,,,,,,96.98,0.14997186269
6467259,ILLUMINATOR DIGITAL QUARTZ BLACK WATCH,JEWELRY,44,65.0,97443,13.0,,,20.59,,,,,,,,,,,,,,,,,,20.59,,,20.59,
6476816,WTCH ARMTRN LDS PNKDIG SPORT SLVR TONE,JEWELRY,44,65.0,16811,11.28,18.74,,18.74,,,,,,,,,,,,,,,,19.99,,,,,18.74,0.398078975454
6476920,WTCH ARMTRN MEN DIGSPORT DRK GRY BLUE,JEWELRY,44,65.0,16816,13.54,22.49,,22.49,,,,,,,,,,,,,,,,,,,,,22.49,0.39795464651
6477152,WTCH ARMTRN LDS NOWGUNMETAL TNZNITE CRY,JEWELRY,44,65.0,16803,42.25,58.92,,,,,,,,,,,,,,,,,,,,58.92,,,58.92,0.282926001358
6510825,LADIES TWO TONE STAINLESS STEEL CLASSIC,JEWELRY,44,65.0,47833,86.38,106.68,,106.68,,,,,,,195.0,,,,,,,,,,,,,,106.68,0.190288713911
6515183,MENS BLUE DIAL BLUE NYLON STRAP SOLAR WA,JEWELRY,44,65.0,30671,82.13,138.75,,,129.99,,,,,,185.0,,,,,,,,,,,,,,129.99,0.408072072072
65475169,WCH CITIZEN EJ5850-57E,JEWELRY,44,65.0,10537,40.0,59.99,,59.99,,,,,,,,,,,,,,,,,,,,,59.99,0.333222203701
65475284,WCH CASIO MTP3050D-2AV,JEWELRY,44,65.0,10657,18.2,27.99,,22.92,,,,,,,34.95,,,,,,,,,22.99,,46.85,,,22.92,0.349767774205
65475808,WCH TIMEX T47012 SQ,JEWELRY,44,65.0,11209,26.11,21.99,,27.99,,,,,,,59.95,,,,,,,,,27.99,,28.57,,,27.99,-0.18735788995
65476023,WCH CITIZEN BK3830-51A,JEWELRY,44,65.0,11459,45.0,72.48,,72.48,,,,,,89.99,,,,,,,,,,,,,,,72.48,0.379139072848
65476024,WCH CITIZEN EQ0540-57A,JEWELRY,44,65.0,11460,45.0,89.98,,72.48,,,,,,89.99,,,,,,,,,,,,,,,72.48,0.499888864192
65491575,WCH RELIC ZR11607,JEWELRY,44,65.0,47449,32.5,56.25,,56.25,59.99,,,,,,,,,,,,,,,,,,,,56.25,0.422222222222
65493103,WCH CASIO AW80-1AV M,JEWELRY,44,65.0,49427,15.6,,,19.04,,,,,,,39.99,,,,,,,,,29.99,,19.04,,,19.04,
6550211,G100-9CM MNS GSHOCK,JEWELRY,44,65.0,89313,52.0,74.25,,,,,,,,,108.95,,,,,,,,,99.99,,69.15,,,69.15,0.299663299663
6550212,DW9052V-1 MNS GSHOCK,JEWELRY,44,65.0,89314,39.0,56.21,,,,,79.95,,,,69.95,,,,,,,,,46.99,,46.27,,,46.27,0.306173278776
65566011,LADIES BLA CASUAL WATCH,JEWELRY,44,65.0,93603,13.3,,,14.17,,,,,,,,,,,,,,,,,,,,,14.17,
65566294,LADIES CLA RACELET WATCH,JEWELRY,44,65.0,93707,18.1,,,20.97,,,,,,,28.95,,,,,,,,,20.99,,,,,20.97,
6565405,WTCH MENS GD350-8 MNS GSHOCK,JEWELRY,44,65.0,89315,60.0,90.0,,75.99,,,,,,,130.0,,,,,,,,,,,,,,75.99,0.333333333333
6572306,JEWELRY CLEANER SILVER CLOTH,JEWELRY,44,40.0,30080,2.7,,,,,,,,,,,,,,,,,,,5.99,,,,,5.99,
6572415,WTCH MEN ECO WR200 SST BRAC BLUE,JEWELRY,44,65.0,90166,198.0,,,316.8,371.25,,,,,,,,,,,,,,,,,,,,316.8,
6572422,WTCH LDS ECO WR030 STPG BRAC WHITE,JEWELRY,44,65.0,90162,150.0,,,240.0,281.25,,,,,,,,,,,,,,,,,,,,240.0,
6588067,WTCH MENS STLS STEEL BLK,JEWELRY,44,65.0,16735,58.0,108.75,,85.0,,,,,,,,,,,,,,,,,,,,,85.0,0.466666666667
6588352,WTCH MENS CHRONOGRAPTWO TONE STLS STEEL,JEWELRY,44,65.0,16740,74.0,138.75,,96.24,,,,,,,,,,,,,,,,,,,,,96.24,0.466666666667
6588491,WTCH MENS CHRONOGRAPBLK STRAP,JEWELRY,44,65.0,16741,70.0,131.25,,83.45,,,,,,,,,,,,,,,,,,,,,83.45,0.466666666667
6589126,WTCH MENS SLVER TONESTLS STEEL,JEWELRY,44,65.0,16748,39.8,74.62,,49.99,,,,,,79.6,,,,,,,,,,,,,,,49.99,0.466630930046
6634814,WTCH MENS SS GOLD FINISH,JEWELRY,44,65.0,16877,45.0,75.0,,,,,,,,80.0,,,,,,,,,,,,,,,80.0,0.4
6656137,44B108 MEN S WATCH,JEWELRY,44,65.0,89675,45.0,75.0,,,,,,,,80.0,,,,,,,,,,,,,,,80.0,0.4
67141964,WTCH CITIZEN EK3682-97P,JEWELRY,44,65.0,18707,44.0,82.5,,82.5,,,,,,,110.0,,,,,,,,,,,,,,82.5,0.466666666667
67143906,WCH CITIZEN EQ0510-58A,JEWELRY,44,65.0,40350,45.0,89.98,,76.49,,,,,,,,,,,,,,,,,,,,,76.49,0.499888864192
67144305,WCH CITIZ BW0072-07P M,JEWELRY,44,65.0,47922,70.0,131.25,131.25,131.25,,,,,,131.25,,,,,,,,,,,,,,,131.25,0.466666666667
67144499,WCH CITIZEN EW9215-01E,JEWELRY,44,65.0,49187,78.0,146.25,,146.25,146.25,,,,,,,,,,,,,,,,,,,,146.25,0.466666666667
67144579,WCH CITIZEN BL6005-01E M,JEWELRY,44,65.0,49764,78.0,146.25,,136.5,146.25,,,,,,,,,,,,,,,,,,,,136.5,0.466666666667
6799695,MENS SILVER TONE STAINLESS STEEL SOLAR W,JEWELRY,44,65.0,27503,116.13,136.62,,119.58,,,,,,,265.0,,,,,,,,,,,,,,119.58,0.149978041282
6799697,MENS BLACK DIAL SILVER TONE SOLAR EXPANS,JEWELRY,44,65.0,28548,82.13,96.62,,87.32,,,,,,,,,,,,,,,,,,,,,87.32,0.149968950528
6799698,MENS SILVER TONE SOLAR CHRONOGRAPH DIVER,JEWELRY,44,65.0,28549,171.38,201.62,,174.01,,,,,,,395.0,,,,,,,,,,,,,,174.01,0.149985120524
6799717,LADIES GOLD TONE SOLAR DRESS WATCH SUP03,JEWELRY,44,65.0,33100,109.75,187.5,,,,,,,,187.5,,,,,,,,,,,,,,,187.5,0.414666666667
6799782,MENS BLACK DIAL SILVER TONE SOLAR CHRONO,JEWELRY,44,65.0,33998,184.13,,,189.99,,,,,,,,,,,,,,,,,,,,,189.99,
6799783,MENS SILVER TONE SOLAR ALARM CHRONOGRAPH,JEWELRY,44,65.0,34007,141.63,166.62,,149.18,,,,,,,,,,,,,,,,,,,,,149.18,0.149981994959
6799786,MENS TWO TONE BLUE DIAL SOLAR BRACELET W,JEWELRY,44,65.0,34013,116.13,136.62,,127.13,179.99,,,,,,,,,,,,,,,,,,,,127.13,0.149978041282
6799799,LADIES TWO TONE WHITE DIAL SOLAR BRACELE,JEWELRY,44,65.0,34063,109.75,129.12,,129.12,,,,,,,250.0,,,,,,,,,,,,,,129.12,0.150015489467
6966985,WTCH MENS GOLDTONE DIAMOND DIAL,JEWELRY,44,65.0,89762,35.25,,,56.24,,,,,,,,,,,,,,,,,,52.0,,,52.0,
6974350,MENS TWO TONE TITANIUM SOLAR WATCH SNE38,JEWELRY,44,65.0,1162,171.38,201.62,,189.12,,,,,,,,,,,,,,,,,,,,,189.12,0.149985120524
6974357,LADIES TRESSIA TWO TONE DIAMOND BEZEL DR,JEWELRY,44,65.0,1176,205.38,190.0,,190.0,,,,,,356.25,,,,,,,,,,,,,,,190.0,-0.0809473684211
6974373,LADIES TWO TONE SOLAR CALENDAR WATCH SUT,JEWELRY,44,65.0,1204,116.13,158.98,,158.98,198.75,,,,,198.75,,,,,,,,,,,,,,,158.98,0.269530758586
7045098,MEMORIAL LOCKET NECKLACE,JEWELRY,44,75.0,3605,8.0,16.99,,,,,,,,,,,,,,,,,,,,9.95,,,9.95,0.529134785168
7112125,B CLASSICS WATCH LDS ANALOG GLD EXPNS,JEWELRY,44,65.0,43378,22.03,,,26.99,,,,,,,54.95,,,,,,,,,,,,,,26.99,
7121114,WTCH LDS ECO SS BRAC AXIOM,JEWELRY,44,65.0,16956,100.0,187.5,,160.0,187.5,,,,,,,,,,,,,,,,,,,,160.0,0.466666666667
7121174,WTCH MENS ECO DRIVE SSB STRP,JEWELRY,44,65.0,16958,78.0,146.25,146.25,124.8,,,,,,146.25,195.0,,,,,,,,,,,,,,124.8,0.466666666667
7121250,WTCH LDS ECO SSB STRP AXIOM,JEWELRY,44,65.0,16959,78.0,146.25,146.25,124.8,146.25,,,,,146.25,195.0,,,,,,,,,,,,,,124.8,0.466666666667
7130701,B CARDED MD 7 99 BLK RESIN,JEWELRY,44,65.0,93620,13.2,,,9.95,,,,,,,22.0,,,,,,,,,9.99,,,,,9.95,
7140319,B CASIO WATCH DW6900-1V G-SHOCK,JEWELRY,44,65.0,13132,38.9,44.19,,42.99,,,,,,,100.0,,,,,,,,51.79,42.99,,44.19,,,42.99,0.119710341706
7140409,B CASIO WATCH MNS RESIN STRP ILLUM,JEWELRY,44,65.0,17331,11.18,15.63,,15.63,,,,,,,24.95,,,,,,,,,17.99,,15.63,,,15.63,0.284708893154
7140439,B CASIO WATCH FT500WV-1BV BLK BAND,JEWELRY,44,65.0,44105,15.6,,,19.95,,,,,,,,,,,,,,,,,,,,,19.95,
7141308,B CASIO WATCH SLV EL DIGI MNS,JEWELRY,44,65.0,82712,13.3,,,12.29,,,,,,,,,,,,,,,,12.39,,,,,12.29,
7141335,B CASIO WATCH F105-IA ILLUMINATOR,JEWELRY,44,65.0,13126,9.31,13.47,,13.47,,,,,,,29.99,,,,,,,,,,,13.47,,,13.47,0.308834446919
7141370,B CASIO WATCH AQ47-1E MNS COMBI SQ,JEWELRY,44,65.0,16719,16.66,,,,,,,,,,,,,,,,,,,34.99,,,,,34.99,
7154350,MENS SILVER TONE WATCH PXN152,JEWELRY,44,65.0,89604,57.5,101.25,,73.84,,,,,,108.0,,,,,,,,,,,,,,,73.84,0.432098765432
7154351,LADIES TWO TONE STAINLESS STEEL DRESS WA,JEWELRY,44,65.0,89583,43.3,74.62,,59.7,,,,,,,,,,,,,,,,,,,,,59.7,0.419726614849
7154405,LADIES TWO TONE CRYSTAL ACCENT WATCH PRW,JEWELRY,44,65.0,89468,43.5,59.99,,59.99,,,,,,108.0,,,,,,,,,,,,,,,59.99,0.274879146524
7154611,MENS BLACK STRAP LUMIBRITE CHRONOGRAPH W,JEWELRY,44,65.0,89453,77.5,138.75,,138.75,,,,,,,,,,,,,,,,,,,,,138.75,0.441441441441
7154644,MENS SILVER TONE CALENDAR EXPANSION WATC,JEWELRY,44,65.0,89543,43.3,74.62,,48.14,,,,,,,,,,,,,,,,,,,,,48.14,0.419726614849
7154645,MENS SILVER TONE BLUE DIAL CHRONOGRAPH W,JEWELRY,44,65.0,89578,65.5,116.25,,65.08,,,,,,124.0,,,,,,,,,,,,,,,65.08,0.436559139785
7154646,MENS LEATHER STRAP LUMIBRITE CALENDAR WA,JEWELRY,44,65.0,89570,33.5,44.99,,44.99,,,,,,47.99,,,,,,,,,,,,,,,44.99,0.255390086686
7155143,MENS GOLD TONE POCKET WATCH PXD198,JEWELRY,44,65.0,89566,73.5,131.25,,99.0,,,,,,,,,,,,,,,,,,,,,99.0,0.44
7155557,LADIES BROWN MESH CRYSTAL ACCENT DRESS W,JEWELRY,44,65.0,89557,57.5,,,64.37,,,,,,108.0,,,,,,,,,,,,,,,64.37,
7155751,MENS TWO TONE BLACK DIAL CALENDAR WATCH,JEWELRY,44,65.0,89572,43.3,74.62,,41.12,,,,,,79.6,,,,,,,,,,,,,,,41.12,0.419726614849
7155970,LADIES TWO TONE SILVER DIAL CALENDAR WAT,JEWELRY,44,65.0,89599,38.5,,,52.49,,,,,,,,,,,,,,,,,,,,,52.49,
7155971,MENS TWO TONE LUMIBRITE CALENDAR WATCH P,JEWELRY,44,65.0,89609,47.5,82.5,,66.0,,,,,,88.0,,,,,,,,,,,,,,,66.0,0.424242424242
7156078,MENS SILVER TONE MESH BRACELET DRESS WAT,JEWELRY,44,65.0,89621,33.5,44.99,,40.56,,,,,,,,,,,,,,,,,,,,,40.56,0.255390086686
7156573,LADIES GOLD TONE BROWN LEATHER STRAP WAT,JEWELRY,44,65.0,89605,43.3,74.62,,59.7,,,,,,79.6,,,,,,,,,,,,,,,59.7,0.419726614849
7156877,LADIES TWO TONE LUMIBRITE CALENDAR DRESS,JEWELRY,44,65.0,89630,47.5,82.5,,66.0,,,,,,88.0,,,,,,,,,,,,,,,66.0,0.424242424242
7160967,WTCH MENS SPEEDWAY 9.9 MM BLK SILVER,JEWELRY,44,65.0,98642,75.0,,,91.72,,,,,,,,,,,,,,,,,,,,,91.72,
7164098,WTCH LDS ROSE GOLD CHARLOTTE,JEWELRY,44,65.0,16938,35.0,60.0,,60.0,63.99,,,,,64.0,,,,,,,,,,,,,,,60.0,0.416666666667
7181004,MENS BULOVA BLACK IP CHRONOGRAPH PRECIST,JEWELRY,44,65.0,90203,382.08,,,674.25,674.25,,,,,674.25,,,,,,,,,,,,,,,674.25,
7280245,LADIES GOLD TONE EXPANSION WATCH,JEWELRY,44,65.0,92238,46.0,86.25,,28.63,,,,,,,,,,,,,,,,,,,,,28.63,0.466666666667
7280384,MENS TWO TONE CHRONOGRAPH WATCH,JEWELRY,44,65.0,91328,74.0,138.75,,109.0,,,,,,,,,,,,,,,,,,,,,109.0,0.466666666667
7420799,LAD QUARTZ WR030 SSG BRAC BLCK,JEWELRY,44,65.0,90096,50.0,,,84.67,,,,,,,,,,,,,,,,,,,,,84.67,
7470771,MENS TWO TONE SOLAR ALARM CHRONOGRAPH PH,JEWELRY,44,65.0,1239,49.5,86.25,,68.93,,,,,,,,,,,,,,,,,,,,,68.93,0.426086956522
7470780,LADIES SILVER TONE DIAMOND BEZEL SOLAR W,JEWELRY,44,65.0,1300,38.5,52.49,,49.0,,,,,,,,,,,,,,,,,,,,,49.0,0.266526957516
7505902,B CLASSICS T20011 LTHER BAND,JEWELRY,44,65.0,10034,22.03,,,24.76,,,,,,,54.95,,,,,,,,,,,24.76,,,24.76,
7526134,LADIES SOLAR RUNNER GRY PNK,JEWELRY,44,65.0,88956,26.0,,,,,,,,,39.96,,,,,,,,,36.69,,,,,,36.69,
7573610,MENS ARMITRON DIGITAL WATCH,JEWELRY,44,65.0,97420,15.75,,,26.24,,,,,,,,,,,,,,,,,,,,,26.24,
7621610,WTCH LDS WOMEN S DIVER,JEWELRY,44,65.0,80647,15.6,11.98,,18.22,,,,,,,,,,,,,,,,24.99,,,,,18.22,-0.302170283806
7674195,MENS BULOVA STAINLESS STEEL MARINE STAR,JEWELRY,44,65.0,90538,180.63,,,259.0,,,,,,,,,,,,,,,,,,,,,259.0,
7684970,RELIC MNS BLACK ROUND AUTOMATIC,JEWELRY,44,65.0,97399,65.5,,,112.5,,,,,,,,,,,,,,,,,,,,,112.5,
7689655,LADIES ARMITRON DIGITAL WATCH,JEWELRY,44,65.0,97410,13.54,,,22.49,,,,,,,,,,,,,,,,,,,,,22.49,
7734933,WTCH LDS DIAM DIAL 75 5195BKGP,JEWELRY,44,65.0,80632,30.55,45.0,,45.0,,,,,,,64.99,,,,,,,,,,,45.0,,,45.0,0.321111111111
7735808,WTCH LDS DIAM DIAL 75 5197SVSV,JEWELRY,44,65.0,80598,28.15,16.79,,23.99,,,,,,,59.99,,,,,,,,,,,,,,23.99,-0.676593210244
7901967,LDS WTCH DIAL SILVERTONE DIAMOND,JEWELRY,44,65.0,47450,28.15,20.99,,29.99,,,,,,,,,,,,,,,,,,,,,29.99,-0.341114816579
7931528,WTCH AQS810W-1A2V SOLAR COMBIBKL,JEWELRY,44,65.0,47619,28.6,20.98,,,,,,,,,,,,,,,,,35.19,31.49,,32.17,,,31.49,-0.363203050524
7931534,WTCH MENS SOLAR COM RED,JEWELRY,44,65.0,47524,31.2,48.71,,38.48,,,,,,52.0,,,,,,,,,,,,,,,38.48,0.359474440567
8100631,M SPORT DIGITAL 40 8284RED,JEWELRY,44,65.0,89991,13.54,,,22.49,,,,,,,34.99,,,,,,,,,22.99,,,,,22.49,
8188068,VIOLET AND WHITE FORERUNNER 15,JEWELRY,44,65.0,90436,97.99,,,96.61,,119.99,,,,,,,,,,,,,,,,,,,96.61,
8188069,BLACK VIVOACTIVE ACH S2,JEWELRY,44,65.0,90440,174.99,,,147.37,,147.99,,,,,,,,,,,,,,,,147.37,,,147.37,
8188071,PINK VIVOFIT 2 ACH S2,JEWELRY,44,65.0,90446,77.5,,,59.99,,,,,,,,,,,,,,,,,,59.99,,,59.99,
8188073,WHITE VIVOACTIVE ACH S2,JEWELRY,44,65.0,90442,174.99,,,161.74,,,,,,,,,,,,,,,,,,161.74,,,161.74,
8188075,TEAL AND WHITE FORERUNNER 15,JEWELRY,44,65.0,90435,97.99,,,97.49,,97.99,,,,,,,,,,,,,,139.99,,,,,97.49,
8208879,STRP WTCH 8353CBL,JEWELRY,44,65.0,96607,15.75,,,24.96,,,,,,,,,,,,,,,,,,,,,24.96,
8211190,STRP WTCH 7012SIL,JEWELRY,44,65.0,96491,11.28,,,18.74,,,,,,,,,,,,,,,,,,,,,18.74,
8212146,ANADIGI 4942BLK,JEWELRY,44,65.0,95915,24.75,,,33.0,,,,,,,,,,,,,,,,,,,,,33.0,
8220001,WTCH LDS ECO SS BANGLE,JEWELRY,44,65.0,90268,90.0,,,144.0,,,,,,,,,,,,,,,,,,,,,144.0,
8329940,LADIES ARMITRON PRO-FIT WATCH SET,JEWELRY,44,65.0,97450,54.0,,,60.0,,,,,,,,,,,,,,,,,,,,,60.0,
8383441,LAD ECO WR030 SS BRAC GREY,JEWELRY,44,65.0,88908,130.0,,227.5,227.5,,,,,,,,,,,,,,,,,,,,,227.5,
8419255,MENS SOLAR EXPANSION WATCH,JEWELRY,44,65.0,91119,58.0,108.75,,89.0,,,,,,,,,,,,,,,,,,,,,89.0,0.466666666667
8419280,MENS SOLAR CHRONOGRAPH WATCH,JEWELRY,44,65.0,91107,79.98,149.96,,127.97,,,,,,,,,,,,,,,,,,,,,127.97,0.466657775407
8455853,LAD ECO WR050 SS BRAC WHTE,JEWELRY,44,65.0,88919,140.0,,262.5,262.5,,,,,,,,,,,,,,,,,,,,,262.5,
8455863,MEN ECO WR100 SST BRAC BLUE,JEWELRY,44,65.0,88935,110.0,,176.0,176.0,206.25,,,,,,,,,,,,,,,,,,,,176.0,
8518316,WTCH LDS GOLD TONE SS SOLAR,JEWELRY,44,65.0,80216,86.38,68.25,,119.0,,,,,,,195.0,,,,,,,,,,,,,,119.0,-0.265641025641
8518360,WTCH LDS TWO TONE SS SOLAR,JEWELRY,44,65.0,80220,121.13,169.0,,169.0,213.75,,,,,213.75,285.0,,,,,,,,,,,,,,169.0,0.28325443787
8518366,WTCH LDS TWO TONE SS SOLAR,JEWELRY,44,65.0,80219,205.38,,,190.0,309.99,,,,,,475.0,,,,,,,,,,,,,,190.0,
8518494,MENS DRESS SLVR DIALSILVER NO SIZE,JEWELRY,44,65.0,3432,53.5,93.75,,93.75,,,,,,100.0,,,,,,,,,,,,,,,93.75,0.429333333333
8540510,MENS PROSPEX KINETIC GMT,JEWELRY,44,65.0,93552,191.25,157.5,,,,,,,,,450.0,,,,,,,,,,,,,,450.0,-0.214285714286
87141688,MENS ECO-DRIVE TIT GRAY DIAL,JEWELRY,44,65.0,12937,140.0,262.5,262.5,245.0,262.5,,,,,,350.0,,,,,,,,,,,,,,245.0,0.466666666667
87143855,MENS ECO DRIVE BLACK STRAP,JEWELRY,44,65.0,12938,90.0,168.75,168.75,168.75,168.75,,,,,168.75,225.0,,,,,,,,,,,,,,168.75,0.466666666667
87178009,LDS ECO-DRIVE T T WHITE DIAL,JEWELRY,44,65.0,12947,100.0,187.5,,175.0,187.5,,,,,,250.0,,,,,,,,,,,,,,175.0,0.466666666667
8748427,INVICTA SUBAQUA MEN 50MM STAINLESS STEEL,JEWELRY,44,65.0,95554,240.75,,,334.76,,,,,,,,,,,,,,,,,,,,,334.76,
8748538,INVICTA SUBAQUA MEN 50MM STAINLESS STEEL,JEWELRY,44,65.0,95565,203.3,,,247.79,,,,,,,,,,,,,,,,,,,,,247.79,
8772273,WTCH MENS TWO TONE SS SILVER SOLAR,JEWELRY,44,65.0,80207,112.63,198.75,,,,,,,,,265.0,,,,,,,,,,,,,,265.0,0.433308176101
8879261,MENS SOLAR CHRONOGRAPH WATCH,JEWELRY,44,65.0,81821,77.5,,,99.01,,,,,,148.0,,,,,,,,,,,,,,,99.01,
8879263,MENS SOLAR CHRONOGRAPH WATCH,JEWELRY,44,65.0,81823,73.5,,,112.0,,,,,,,,,,,,,,,,,,,,,112.0,
8879265,MENS SOLAR SPORT WATCH,JEWELRY,44,65.0,81825,57.5,,,86.4,,,,,,,,,,,,,,,,,,,,,86.4,
8879269,LADIES SOLAR EXPANSION WATCH,JEWELRY,44,65.0,81828,61.5,,,108.75,,,,,,,,,,,,,,,,,,,,,108.75,
8977821,LADIES TRESSIA STAINLESS STEEL SOLAR WAT,JEWELRY,44,65.0,80323,213.88,371.25,,,319.99,,,,,,495.0,,,,,,,,,,,,,,319.99,0.423892255892
90242137,LDS DI PINK RND DIAL WHT RESI,JEWELRY,44,65.0,13181,9.75,27.99,,14.23,,,,,,,,,,,,,,,,14.39,,15.18,,,14.23,0.65166130761
91112011,DIGITAL SPORT 50M WRW89HB-5AV,JEWELRY,44,65.0,40720,12.25,,,17.0,,,,,,,,,,,,,,,,24.99,,,,,17.0,
91756211,ARMITRON LDS LTR DMD DIAL,JEWELRY,44,65.0,13630,18.75,29.99,,29.99,,,,,,,,,,,,,,,,,,,,,29.99,0.374791597199
9177300,LADIES EASY STYLE SOLAR SILVER TONE WITH,JEWELRY,44,65.0,82196,57.5,,,86.4,,,,,,,,,,,,,,,,,,,,,86.4,
9177302,LADIES EASY STYLE SOLAR GOLD TONE WITH M,JEWELRY,44,65.0,82199,65.5,,,116.25,,,,,,,,,,,,,,,,,,,,,116.25,
9177324,LADIES BUSINESS COLLECTION TWO TONE WITH,JEWELRY,44,65.0,82242,53.5,,,84.45,,,,,,,,,,,,,,,,,,,,,84.45,
9177328,LADIES EASY STYLE COLLECTION GOLD TONE W,JEWELRY,44,65.0,82254,57.5,,,101.25,,,,,,,,,,,,,,,,,,,,,101.25,
9177330,LADIES EASY STYLE COLLECTION GOLD TONE W,JEWELRY,44,65.0,82257,49.5,,,69.95,,,,,,,,,,,,,,,,,,,,,69.95,
9177333,MEN S EVERYDAY VALUE CHRONOGRAPH SILVER,JEWELRY,44,65.0,82261,53.5,,,74.99,,,,,,,,,,,,,,,,,,,,,74.99,
9177334,MEN S EVEYDAY VALUE SILVER TONE WITH BLA,JEWELRY,44,65.0,82263,38.5,,,52.49,,,,,,,,,,,,,,,,,,,,,52.49,
9225731,LAD ECO WR30 SS BRAC SILV,JEWELRY,44,65.0,90737,140.0,,262.5,224.0,262.5,,,,,,,,,,,,,,,,,,,,224.0,
9225736,LAD ECO WR100 GT BRAC WHT,JEWELRY,44,65.0,90738,110.0,,206.25,176.0,,,,,,,,,,,,,,,,,,,,,176.0,
9225743,LAD ECO WR30 RT BRAC SILV,JEWELRY,44,65.0,90728,150.0,,281.25,240.0,,,,,,,,,,,,,,,,,,,,,240.0,
9225746,MEN ECO WR100 GT BRAC BLCK,JEWELRY,44,65.0,90732,230.0,,,368.0,,,,,,,,,,,,,,,,,,,,,368.0,
92751011,CLASSIC 10 YR BATT. 079767816629,JEWELRY,44,65.0,93646,11.4,,,,,,,,,,29.99,,,,,,,,,,,11.87,,,11.87,
92908164,TIMEX MEN S EXPEDITION STRAP,JEWELRY,44,65.0,13118,28.56,33.6,,30.77,,,,,,,,,,,,,,,,,,32.04,,,30.77,0.15
9305883,BAND WATCH 205155GRY,JEWELRY,44,65.0,90634,24.75,,,41.24,,,,,,,,,,,,,,,,,,,,,41.24,
95196411,ARMITRON DRESS LADIES TWOTONE EXPAN,JEWELRY,44,65.0,10675,25.85,37.49,,41.24,,,,,,,,,,,,,,,,,,,,,41.24,0.310482795412
1015775,TWIN BELL CLOCK SPIDERMAN SMC100TB,JEWELRY,44,65.0,13401,6.25,,,14.01,,,,,,,,,,,,,,,,,,,,,14.01,
1233695,ANADIGI 4942GRN,JEWELRY,44,65.0,95914,24.75,,,30.37,,,,,,,,,,,,,,,,,,,,,30.37,
1233721,ANADIGI 4942RED,JEWELRY,44,65.0,95911,24.75,,,33.74,,,,,,,,,,,,,,,,,,,,,33.74,
1233803,ANADIGI 5062BLU,JEWELRY,44,65.0,95904,24.75,,,38.49,,,,,,,,,,,,,,,,,,,,,38.49,
1233808,ANADIGI 5062GRN,JEWELRY,44,65.0,95903,24.75,,,39.4,,,,,,,,,,,,,,,,,,,,,39.4,
1258464,ANADIGI 5062WHT,JEWELRY,44,65.0,95901,24.75,,,41.24,,,,,,,,,,,,,,,,,,,,,41.24,
1272661,ANADIGI 5108BLK,JEWELRY,44,65.0,95900,24.75,,,36.39,,,,,,,,,,,,,,,,,,,,,36.39,
1274656,ANADIGI 5108GRN,JEWELRY,44,65.0,95899,24.75,,,38.49,,,,,,,,,,,,,,,,,,,,,38.49,
1274969,ANADIGI 5108ORG,JEWELRY,44,65.0,95897,24.75,,,41.24,,,,,,,,,,,,,,,,,,,,,41.24,
1275114,ANADIGI 5108WHT,JEWELRY,44,65.0,95895,24.75,,,38.49,,,,,,,,,,,,,,,,,,,,,38.49,
1279166,EAR SS HEART W ANGEL,JEWELRY,44,40.0,51298,23.32,59.99,,,,,,,,,,,,,,,,,,,,48.0,,,48.0,0.611268544757
1279550,PND SS CROSS BHG,JEWELRY,44,40.0,51340,23.15,59.99,,,,,,,,,,,,,,,,,,,,48.0,,,48.0,0.614102350392
1508804,ANADIGI 5062BLK,JEWELRY,44,65.0,95907,24.75,,,38.15,,,,,,,,,,,,,,,,,,,,,38.15,
1509809,BRC WTCH 5304WTGP,JEWELRY,44,65.0,96479,29.25,,,48.74,,,,,,,,,,,,,,,,,,,,,48.74,
1510061,LADIES TWO TONE EXPANSION WATCH,JEWELRY,44,65.0,5800,43.3,74.62,,54.52,,,,,,,,,,,,,,,,,,,,,54.52,0.419726614849
1510063,LADIES GOLD TONE WHITE DIAL WATCH,JEWELRY,44,65.0,5805,43.5,101.25,,59.99,,,,,,,,,,,,,,,,,,,,,59.99,0.57037037037
1510072,LADIES GOLD TONE EXPANSION WATCH,JEWELRY,44,65.0,5811,49.5,86.25,,86.25,,,,,,,,,,,,,,,,,,,,,86.25,0.426086956522
1510073,MENS TWO TONE CALENDAR WATCH,JEWELRY,44,65.0,5812,43.5,101.25,,59.99,,,,,,108.0,,,,,,,,,,,,,,,59.99,0.57037037037
1510074,MENS SILVER TONE CALENDAR WATCH,JEWELRY,44,65.0,5814,43.5,101.25,,45.84,,,,,,,,,,,,,,,,,,,,,45.84,0.57037037037
1510188,STRP WTCH 5338BKGPBK,JEWELRY,44,65.0,96330,24.75,,,41.24,,,,,,,,,,,,,,,,,,,,,41.24,
1545202,LADIES SILVER TONE CRYSTAL DIAL WATCH,JEWELRY,44,65.0,5827,49.5,86.25,,45.0,,,,,,92.0,,,,,,,,,,,,,,,45.0,0.426086956522
1545404,LADIES GOLD TONE CRYSTAL BEZEL WATCH,JEWELRY,44,65.0,58673,57.5,101.25,,101.25,,,,,,,,,,,,,,,,,,,,,101.25,0.432098765432
1590439,BRC CER 5348WTSV,JEWELRY,44,65.0,96197,40.5,,,62.99,,,,,,,,,,,,,,,,,,,,,62.99,
1599620,BRC WTCH 5354MPGP,JEWELRY,44,65.0,96069,38.25,,,63.74,,,,,,,,,,,,,,,,,,,,,63.74,
1606092,BRC WTCH 5361JMGP,JEWELRY,44,65.0,96060,31.5,,,52.49,,,,,,,,,,,,,,,,,,,,,52.49,
1606174,BRC WTCH 5361MPTT,JEWELRY,44,65.0,96055,31.5,,,52.49,,,,,,,,,,,,,,,,,,,,,52.49,
1606901,BRC WTCH 5371MPSVBL,JEWELRY,44,65.0,96047,38.25,,,63.74,,,,,,,,,,,,,,,,,,,,,63.74,
1620934,BRC WTCH 4935BKSV,JEWELRY,44,65.0,96021,29.25,,,48.74,,,,,,,,,,,,,,,,,,,,,48.74,
1670998,WTCH CITIZEN EW1410-,JEWELRY,44,65.0,13606,110.0,206.25,,192.5,206.25,,,,,206.25,,,,,,,,,,,,,,,192.5,0.466666666667
1688860,EXP WTCH 4967BKSV,JEWELRY,44,65.0,95985,27.5,,,38.49,,,,,,,,,,,,,,,,,,,,,38.49,
1689487,STRP WTCH 5048NVSVBN,JEWELRY,44,65.0,95971,29.25,,,48.74,,,,,,,,,,,,,,,,,,,,,48.74,
1689712,BRC WTCH 5086BLSV,JEWELRY,44,65.0,95969,33.75,,,39.71,,,,,,,,,,,,,,,,,,,,,39.71,
1712369,MENS BULOVA BRACELET WATCH,JEWELRY,44,65.0,96752,148.75,,,,,,,,,,350.0,,,,,,,,,,,,,,350.0,
1735079,BRC WTCH 5086SVSV,JEWELRY,44,65.0,95941,33.75,,,40.03,,,,,,,,,,,,,,,,,,,,,40.03,
1745950,WTCH CASIO GW2310-1 TOUGH SOLAR,JEWELRY,44,65.0,13688,65.0,97.5,,84.12,,90.99,,,,,,,,,,,,,,,,,,,84.12,0.333333333333
1748461,WTCH CASIO AE1000W-1 10YR 100M WR,JEWELRY,44,65.0,13694,13.0,27.99,,14.39,,16.99,,,,,,,,,,,,,,,,14.67,,,14.39,0.535548410146
18705411,CASIO WATCHES LDS BLACK RES BLUE,JEWELRY,44,65.0,14955,9.8,,,12.36,,,,,,,,,,,,,,,16.19,,,12.36,,,12.36,
2709982,WTCH CASIO PAG240B PATH FIND,JEWELRY,44,65.0,14061,125.0,187.5,,162.01,,,,,,,250.0,,,,,,,,,,,,,,162.01,0.333333333333
2776139,PND SS ICON HEART KNOTS OF LOVE,JEWELRY,44,32.0,23292,13.08,13.99,,,,,,,,,,,,,,,,,,,,28.0,,,28.0,0.0650464617584
2776603,PND DIA 1 10CTW SS CROSS HEART,JEWELRY,44,32.0,23327,35.56,34.99,,,,,,,,,,,,,,,,,,,,68.0,,,68.0,-0.0162903686768
2777236,PND DIA 1 10CTW SS ANGEL,JEWELRY,44,32.0,23334,35.97,13.99,,,,,,,,,,,,,,,,,,,,68.0,,,68.0,-1.57112223016
2783979,PND DIA 1 4CTW SS BLK WHT ICON HEART,JEWELRY,44,32.0,23342,55.98,52.49,,,,,,,,,,,,,,,,,,,,98.0,,,98.0,-0.06648885502
2803572,WTCH BULOVA 98P115 TWO TNE SS BRC,JEWELRY,44,65.0,14109,127.08,224.25,,,,,,,,224.25,,,,,,,,,,,,,,,224.25,0.433311036789
2975562,M RED DIGI STRP,JEWELRY,44,65.0,90614,13.54,,,20.69,,,,,,,,,,,,,,,,,,,,,20.69,
3173853,LADIES GOLD TONE STAINLESS STEEL SOLAR W,JEWELRY,44,65.0,80313,128.88,221.25,,,199.99,,,,,,,,,,,,,,,,,,,,199.99,0.417491525424
3248972,MENS TITANIUM SOLAR CHRONOGRAPH,JEWELRY,44,65.0,60260,222.38,275.02,,275.02,386.25,,,,,,,,,,,,,,,,,,,,275.02,0.191404261508
3248998,MENS COUTURA KINETIC RETROGRADE,JEWELRY,44,65.0,60290,213.88,,,316.8,371.25,,,,,,495.0,,,,,,,,,,,,,,316.8,
3249020,MENS LE GRAND SPORT SOLAR ALARM CHRONOGR,JEWELRY,44,65.0,60295,194.75,229.12,,215.44,337.5,,,,,337.5,450.0,,,,,,,,,,,,,,215.44,0.15000872905
3249035,LADIES LE GRAND SPORT SOLAR DIAMOND DIAL,JEWELRY,44,65.0,6918,152.25,205.93,,205.93,,,,,,,,,,,,,,,,,,,,,205.93,0.260671101831
3249043,LADIES TRESSIA SOLAR DIAMOND BEZEL,JEWELRY,44,65.0,6919,213.88,,,208.37,371.25,,,,,371.25,,,,,,,,,,,,,,,208.37,
3249133,MENS BLACK ION FINISH SOLAR CALENDAR WAT,JEWELRY,44,65.0,6931,128.88,164.19,,,221.25,,,,,,,,,,,,,,,,,,,,221.25,0.21505572812
3249239,LADIES SOLAR WATCH,JEWELRY,44,65.0,6935,109.75,129.12,,105.57,249.99,,,,,,,,,,,,,,,,,,,,105.57,0.150015489467
3249309,LADIES SOLAR WATCH,JEWELRY,44,65.0,6936,120.38,206.25,,149.65,146.25,,,,,,,,,,,,,,,,,,,,146.25,0.416339393939
3249456,LADIES GOLD TONE SOLAR DRESS WATCH,JEWELRY,44,65.0,6966,103.38,176.25,,,,,,,,,235.0,,,,,,,,,,,,,,235.0,0.413446808511
3249500,MENS COUTURA SOLAR PERPETUAL CHRONOGRAPH,JEWELRY,44,65.0,6967,205.38,292.64,,292.64,,,,,,,,,,,,,,,,,,,,,292.64,0.298182066703
3251008,LADIES LE GRAND SPORT SOLAR DIAMOND DIAL,JEWELRY,44,65.0,6976,162.88,150.0,,150.0,,,,,,,375.0,,,,,,,,,,,,,,150.0,-0.0858666666667
3251898,MENS PROSPEX KINETIC GMT,JEWELRY,44,65.0,7005,205.38,356.25,,,,,,,,,475.0,,,,,,,,,,,,,,475.0,0.423494736842
3251912,MENS SOLAR CALENDAR WATCH,JEWELRY,44,65.0,70100,109.75,187.5,,,,,,,,187.5,,,,,,,,,,,,,,,187.5,0.414666666667
3251930,LADIES TITANIUM SOLAR WATCH,JEWELRY,44,65.0,7011,171.38,201.62,,164.28,,,,,,,,,,,,,,,,,,,,,164.28,0.149985120524
3253081,LADIES TWO TONE SOLAR DRESS WATCH,JEWELRY,44,65.0,7028,103.38,176.25,,,,,,,,176.25,,,,,,,,,,,,,,,176.25,0.413446808511
3253099,LADIES SILVER TONE SOLAR BRACELET WATCH,JEWELRY,44,65.0,7031,131.0,225.0,,,,,,,,187.5,,,,,,,,,,,,,,,187.5,0.417777777778
3407513,WTCH TIMEX T2N068 LDS WHT DL EZR TT,JEWELRY,44,65.0,14358,29.38,44.99,,,,,,,,,59.95,,,,,,,,,,,,,,59.95,0.346965992443
3419269,PND KOL 1 2CTW SS TRIPLE BLK WHT HEART,JEWELRY,44,32.0,24152,105.8,38.49,,,,,,,,,,,,,,,,,,,,198.0,,,198.0,-1.74876591322
35976611,CASIO WATCH 10YR TIDE GRAPH BRAC,JEWELRY,44,65.0,40277,18.2,,,24.39,,,,,,,,,,,,,,,,,,,,,24.39,
3922059,IRONMAN 10-LAP WATCH,JEWELRY,44,65.0,36749,21.22,15.74,,22.99,,,,,,,49.95,,,,,,,,,22.99,,23.53,,,22.99,-0.348157560356
4049092,WTCH RELIC MENS GRNCRYSTL DIAL BLK RBBR,JEWELRY,44,65.0,14866,28.0,48.75,,48.75,,,,,,52.0,,,,,,,,,,,,,,,48.75,0.425641025641
41047211,EXPEDITION DIGITAL 48042 BROWN BAND,JEWELRY,44,65.0,47669,19.58,,,25.49,,,,,,,54.95,,,,,,,,,25.49,,,,,25.49,
4248933,WTCH CITIZEN MEN ECO WR200 SSB BRAC,JEWELRY,44,65.0,15235,190.0,356.25,,304.0,356.25,,,,,,475.0,,,,,,,,,,,,,,304.0,0.466666666667
4274064,EAR SS 8-8.5MM FWP STUD LARGE,JEWELRY,44,22.0,73074,16.0,39.99,,,,,,,,,,,,,,,,,,69.99,,,,,69.99,0.599899974994
4409687,WTCH ARMITRON GENTSEL LCD SPORT BLK RSN,JEWELRY,44,65.0,15165,15.75,9.79,,22.79,,,,,,,,,,,,,,,,,,,,,22.79,-0.608784473953
44975104,WTCH TIMEX T2M935,JEWELRY,44,65.0,13300,29.38,34.56,,30.39,,,,,,,59.95,,,,,,,,,,,32.49,,,30.39,0.149884259259
4523326,WTCH CITIZEN MEN ECO WR100 TI BRAC,JEWELRY,44,65.0,15238,150.0,281.25,281.25,240.0,281.25,,,,,281.25,,,,,,,,,,,,,,,240.0,0.466666666667
4619025,WTCH ARMTRN LADY NOW CERAMIC RECT SLV,JEWELRY,44,65.0,15689,32.85,19.59,,19.59,,,,,,,,,,,,,,,,,,,,,19.59,-0.676875957121
4619816,WTCH ARMTRN LADY NOWRND TT IP PLATE GLD,JEWELRY,44,65.0,15694,32.85,27.99,,37.99,,,,,,,,,,,,,,,,52.99,,37.99,,,37.99,-0.173633440514
4625110,WTCH ARMITRON GENTSSS DIA DIAL 38MM IP,JEWELRY,44,65.0,15252,35.25,37.49,,34.55,,,,,,,,,,,,,,,,,,,,,34.55,0.0597492664711
4766336,WTCH CASIO MULTI BND 6 ATOMIC TIME,JEWELRY,44,65.0,15281,75.0,112.5,,97.58,,,,,,,,,,,,,,,,,,,,,97.58,0.333333333333
4766346,WTCH CASIO MULTI BAND ATOMIC TIME KP,JEWELRY,44,65.0,15278,150.0,225.0,,187.68,,,,,,,,,,,,,,,,,,,,,187.68,0.333333333333
4767195,WTCH CASIO WATER RESIST LED LIGHT,JEWELRY,44,65.0,15296,10.0,14.96,,14.96,,,,,,,,,,,,,,,,19.99,,14.96,,,14.96,0.331550802139
4767198,WTCH CASIO WATER RESIST LED ALARM,JEWELRY,44,65.0,15293,10.0,14.96,,14.96,,,,,,,,,,,,,,,,,,14.88,,,14.88,0.331550802139
4768080,WTCH RELIC MENS GUNMETAL MULTI,JEWELRY,44,65.0,15312,43.5,75.0,,62.19,,,,,,,,,,,,,,,,,,,,,62.19,0.42
4788337,PEND SS CROSS 10K GLD FILGR 12K ROSE,JEWELRY,44,40.0,52384,48.94,52.49,,,,,,,,,225.0,,,,,,,,,,,,,,225.0,0.0676319298914
4942957,WTCH RELIC MEN AUTOGLD IP SS CASE BRWN,JEWELRY,44,65.0,15366,52.0,90.0,,,,,,,,96.0,120.0,,,,,,,,,,,,,,96.0,0.422222222222
4970798,WTCH CTZN QUARZ STNSTL MOP DIAL SWAROVS,JEWELRY,44,65.0,15786,60.0,119.99,,119.98,,,,,,,,,,,,,,,,,,,,,119.98,0.499958329861
5040956,WTCH ARMITRON 75 3689MPSVRB,JEWELRY,44,65.0,15933,37.55,27.99,,27.99,,,,,,,,,,,,,,,,,,,,,27.99,-0.341550553769
5041000,WTCH ARMITRON LDS 75 3689PMSV NOW,JEWELRY,44,65.0,15934,35.25,31.99,,41.24,,,,,,,,,,,,,,,,,,,,,41.24,-0.101906845889
5056878,WTCH RELIC MNS BLK BLUE ALLEN,JEWELRY,44,65.0,15658,41.0,71.25,,71.25,,,,,,,,,,,,,,,,,,,,,71.25,0.424561403509
50929611,LADIES TIMEX WATCH LADIES TIMEX WATCH,JEWELRY,44,65.0,49912,24.48,,,37.95,,,,,,,69.95,,,,,,,,,,,,,,37.95,
51349011,TIMEX EXPEDITION DIGITAL,JEWELRY,44,65.0,10096,23.66,,,26.83,,,,,,,,,,,,,,,,,,26.83,,,26.83,
5239762,WTCH CASIO WORLD TIME 5 DAILY ALARMS,JEWELRY,44,65.0,15895,18.2,,,23.84,,,,,,,34.95,,,,,,,,,23.99,,,,,23.84,
5455622,WTCH RELIC MEN SLVRPAYTON 3 HAND BLK,JEWELRY,44,65.0,15912,39.0,25.2,,25.2,,,,,,,,,,,,,,,,,,,,,25.2,-0.547619047619
5619943,WTCH TIMEX CHARCOALDIAL GRY IP SST BRCL,JEWELRY,44,65.0,16266,29.38,34.56,,,,,,,,,,,,,,,,,,,,32.91,,,32.91,0.149884259259
5665895,WTCH RELIC LDS KERRI GOLD,JEWELRY,44,65.0,16049,48.0,44.0,,82.5,87.99,,,,,,,,,,,,,,,,,,,,82.5,-0.0909090909091
5670365,40 8261LGN RECT. DIGSPORT WATCH,JEWELRY,44,65.0,16281,15.75,12.24,,26.24,,,,,,,,,,,,,,,,26.99,,,,,26.24,-0.286764705882
5839242,45 7030PUR BLACK PURPLE ACCENTS,JEWELRY,44,65.0,16286,13.54,10.49,,21.31,,,,,,,,,,,,,,,,21.49,,21.31,,,21.31,-0.290753098189
5913655,WTCH WOMEN SILVER TONE STLS STEEL,JEWELRY,44,65.0,16775,35.8,67.12,,44.93,,,,,,,,,,,,,,,,,,,,,44.93,0.46662693683
5914732,WTCH WOMEN TWO TONE STLS STEEL,JEWELRY,44,65.0,16779,50.0,93.75,,64.99,,,,,,100.0,,,,,,,,,,,,,,,64.99,0.466666666667
5934406,WATCH LADIES 44L118,JEWELRY,44,65.0,16883,56.25,93.75,,80.0,,,,,,,,,,,,,,,,,,,,,80.0,0.4
6013917,WTCH CASIO 100M WTRRESIST DIGITL COMPAS,JEWELRY,44,65.0,16320,52.0,74.96,,57.93,,,,,,,,,,,,,,,,,,,,,57.93,0.306296691569
6013926,WTCH CASIO 100M WTRRESIST 3 HAND ANALOG,JEWELRY,44,65.0,16322,13.0,18.71,,15.22,,,,,,19.96,,,,,,,,,,,,15.22,,,15.22,0.305184393373
6165820,WTCH CITIZEN MENS ECO SSB PRIMO CHRONO,JEWELRY,44,65.0,16488,158.0,296.25,,,296.25,,,,,,395.0,,,,,,,,,,,,,,296.25,0.466666666667
6165868,WTCH CITIZEN MENS ECO SSB AXIOM DATE,JEWELRY,44,65.0,16508,110.0,206.25,,176.0,,,,,,,275.0,,,,,,,,,,,,,,176.0,0.466666666667
62679965,WCH ARMITRON 752475MOP,JEWELRY,44,65.0,12510,25.85,41.24,,41.24,,,,,,,54.99,,,,,,,,,,,,,,41.24,0.373181377304
62682190,PND BHG ANGEL,JEWELRY,44,40.0,34863,69.97,479.99,,,,,,,,,,,,,,,,,,,,118.0,,,118.0,0.854226129711
62682866,WCH ARMSP L 75 2474MOP,JEWELRY,44,65.0,48251,25.85,,,41.24,,,,,,,,,,,,,,,,,,,,,41.24,
62682882,WCH ARMITRON 75 2433BLK,JEWELRY,44,65.0,48618,23.45,19.24,,37.49,,,,,,,,,,,,,,,,,,,,,37.49,-0.218814968815
6318304,WTCH LDS SILVER CHARLOTTE,JEWELRY,44,65.0,16499,30.5,52.5,,52.5,55.99,,,,,56.0,,,,,,,,,,,,,,,52.5,0.419047619048
6329475,10K YLW GOLD 22IN 2.7MM GLITTER ROPE,JEWELRY,44,40.0,52390,122.8,374.99,,173.67,,,,,,,,,,,,,,,,,,,,,173.67,0.672524600656
6352749,BEDSIDE ALARM WITH GET UP AND GLOW AND E,JEWELRY,44,65.0,3691,19.25,,,24.21,,,,,,,,,,,,,,,,,,,,,24.21,
6352773,BEDSIDE ALARM WITH DIAL LIGHT AND BEEP A,JEWELRY,44,65.0,3692,21.5,30.0,,30.0,,,,,,,,,,,,,,,,,,,,,30.0,0.283333333333
6352775,BEDSIDE ALARM WITH GET UP AND GLOW AND L,JEWELRY,44,65.0,3694,21.5,30.0,,22.5,,,,,,,,,,,,,,,57.99,,,,,,22.5,0.283333333333
6352777,WALL CLOCK WITH GOLD TONE BEZEL,JEWELRY,44,65.0,3696,37.25,56.25,,,,,,,,,75.0,,,,,,,,,,,,,,75.0,0.337777777778
6352779,EASY READER WALL CLOCK,JEWELRY,44,65.0,3699,26.0,37.5,,,,,,,,,50.0,,,,,,,,,,,,,,50.0,0.306666666667
6352781,BLACK DIAL QUIET SWEEP WALL CLOCK,JEWELRY,44,65.0,3701,32.75,48.75,,48.75,,,,,,,,,,,,,,,,,,,,,48.75,0.328205128205
6352782,BLACK DIAL QUIET SWEEP WALL CLOCK,JEWELRY,44,65.0,3702,28.25,41.25,,,,,,,,,55.0,,,,,,,,,,,,,,55.0,0.315151515152
6352789,SOLID WOOD MAHOGANY FINISH WALL CLOCK WI,JEWELRY,44,65.0,3709,136.25,221.25,,,,,,,,,295.0,,,,,,,,,,,,,,295.0,0.38418079096
6352818,RADIO WAVE WALL CLOCK,JEWELRY,44,65.0,38711,39.5,60.0,,56.25,,,,,,,80.0,,,,,,,,110.99,,,,,,56.25,0.341666666667
6352896,BEDSIDE ALARM WITH DIAL LIGHT DIAL ALAR,JEWELRY,44,65.0,40072,17.0,22.5,,,,,,,,,,,,,,,,,49.98,,,,,,49.98,0.244444444444
6352899,BEDSIDE ALARM WITH DIAL LIGHT AND BEEP A,JEWELRY,44,65.0,40403,21.5,30.0,,29.5,,,,,,,,,,,,,,,,,,,,,29.5,0.283333333333
6352902,BELL ALARM WITH BELL ALARM WITH SNOOZE A,JEWELRY,44,65.0,40903,19.25,26.25,,20.04,,,,,,,35.0,,,,,,,,,,,,,,20.04,0.266666666667
6352903,BEDSIDE WITH DIAL AND BEEP BELL ALARM AN,JEWELRY,44,65.0,40946,23.75,33.75,,33.75,,,,,,,,,,,,,,,,,,,,,33.75,0.296296296296
6352904,GLOBAL RADIO WAVE TRAVEL ALARM WITH CALE,JEWELRY,44,65.0,40963,35.0,52.5,,,,,,,,,,,,,,,,,98.99,,,,,,98.99,0.333333333333
6352905,SOLID OAK WHITE DIAL WALL CLOCK,JEWELRY,44,65.0,41138,37.25,56.25,,,,,,,,,75.0,,,,,,,,102.99,,,,,,75.0,0.337777777778
6352906,SILVER TONE WHITE DIAL WALL CLOCK,JEWELRY,44,65.0,41243,19.25,26.25,,,,,,,,,35.0,,,,,,,,,,,,,,35.0,0.266666666667
6352907,BLACK DIAL QUIET SWEEP WALL CLOCK,JEWELRY,44,65.0,41307,26.0,37.5,,,,,,,,,50.0,,,,,,,,,,,,,,50.0,0.306666666667
6352909,SQUARE WALL CLOCK,JEWELRY,44,65.0,41433,41.75,63.75,,,,,,,,,85.0,,,,,,,,,,,,,,85.0,0.345098039216
6352921,BROWN WOODEN MANTEL CARRIAGE CLOCK,JEWELRY,44,65.0,42490,113.75,183.75,,149.0,,,,,,,,,,,,,,,,,,,,,149.0,0.380952380952
6352922,SOLID OAK CARRIAGE CLOCK WITH PENDULUM,JEWELRY,44,65.0,42601,131.75,213.75,,,,,,,,,285.0,,,,,,,,,,,,,,285.0,0.383625730994
6352923,ANALOG DIGITAL WALL CLOCK,JEWELRY,44,65.0,42733,39.5,60.0,,,,,,,,,80.0,,,,,,,,,,,,,,80.0,0.341666666667
6352924,MUSICAL WALL WITH 18 HI FI MELODIES,JEWELRY,44,65.0,42737,64.25,,,99.0,,,,,,,,,,,,,,,,,,,,,99.0,
6352931,MELODIES IN MOTION WITH 18 HI FI MELODIE,JEWELRY,44,65.0,43401,251.0,412.5,,339.0,,,,,,,,,,,,,,,,,,,,,339.0,0.391515151515
6353042,BEDSIDE ALARM WITH BEEP ALARM AND FLASHI,JEWELRY,44,65.0,45082,19.25,26.25,,22.5,,,,,,,,,,,,,,,,,,,,,22.5,0.266666666667
6353044,TRAVEL ALARM WITH WORLD TIME BEZEL AND D,JEWELRY,44,65.0,45465,17.0,22.5,,22.5,,,,,,,,,,,,,,,,,,,,,22.5,0.244444444444
6353048,QUIET SWEEP SILVER TONE SQUAR WALL CLOCK,JEWELRY,44,65.0,45504,30.5,,,41.25,,,,,,,,,,,,,,,,,,,,,41.25,
6353049,BROWN CASE SQUARE WALL CLOCK,JEWELRY,44,65.0,45508,46.25,71.25,,68.0,,,,,,71.25,95.0,,,,,,,,,,,,,,68.0,0.350877192982
6353050,SILVER DIAL QUIET SWEEP WALL CLOCK,JEWELRY,44,65.0,45509,26.0,,,37.5,,,,,,,50.0,,,,,,,,,,,,,,37.5,
6353053,CLASSIC OUTDOOR CLOCK 18 INCH DIAMETER,JEWELRY,44,65.0,45521,46.25,,,63.74,,,,,,,,,,,,,,,,,,,,,63.74,
6353062,SOLID OAK DESK MANTEL CLOCK,JEWELRY,44,65.0,45588,136.25,221.25,,,,,,,,,270.0,,,,,,,,,,,,,,270.0,0.38418079096
6353071,DESK TABLE WITH 12 HI FI MELODIES AND CH,JEWELRY,44,65.0,45616,91.25,146.25,,119.0,,,,,,,,,,,,,,,,,,,,,119.0,0.376068376068
6353106,BEDSIDE ALARM WITH DIAL LIGHT AND BEEP A,JEWELRY,44,65.0,45682,15.88,,,18.75,,,,,,,27.5,,,,,,,,,,,,,,18.75,
6353107,DESK AND TABLE ALARM WITH FLOATING DIAL,JEWELRY,44,65.0,45684,71.0,112.5,,,,,,,,,150.0,,,,,,,,,,,,,,150.0,0.368888888889
6353109,TRAVEL ALARM WITH WORLD TIME BEZEL AND D,JEWELRY,44,65.0,45703,17.0,22.5,,21.98,,,,,,,,,,,,,,,,,,,,,21.98,0.244444444444
6353114,WHITE DIAL WALL CLOCK,JEWELRY,44,65.0,45719,26.0,37.5,,,,,,,,,50.0,,,,,,,,,,,,,,50.0,0.306666666667
6353135,MUSICAL WALL WITH 12 HI-FI MELODIES AND,JEWELRY,44,65.0,46222,176.75,288.75,,194.13,,,,,,,385.0,,,,,,,,,,,,,,194.13,0.387878787879
6358161,WTCH TIMEX WMN TWO TNE OVAL ARABIC NUMB,JEWELRY,44,65.0,16563,29.38,23.99,,,,,,,,,,,,,,,,,,,,32.91,,,32.91,-0.224676948729
63649012,BHG CROSS PENDANT,JEWELRY,44,40.0,84223,31.73,89.99,,,,,,,,,,,,,,,,,,,,48.0,,,48.0,0.647405267252
6408126,WTCH WOMEN TWO TONE STLS STEEL,JEWELRY,44,65.0,16786,66.0,123.75,,65.08,,,,,,,,,,,,,,,,,,,,,65.08,0.466666666667
6442656,WTCH CASIO SOLAR POWER 100M WTR RESI,JEWELRY,44,65.0,16656,90.0,135.0,,111.84,,,180.0,,,,180.0,,,,,,,,,,,,,,111.84,0.333333333333
6442658,WTCH CASIO SOLAR PWR 100M WTR RESIST,JEWELRY,44,65.0,16650,26.0,19.98,,30.26,,,,,,,,,,,,,,,,,,,,,30.26,-0.301301301301
6442661,WTCH CASIO LED BACKLT DUAL TIME DAILY,JEWELRY,44,65.0,16651,18.2,9.79,,,,,,,,,,,,,,,,,,,,23.4,,,23.4,-0.859039836568
6455517,SEIKO MENS BLACK ION FINISH BLACK DIAL C,JEWELRY,44,65.0,80141,124.63,213.75,,,,,,,,,285.0,,,,,,,,,,,,,,285.0,0.416935672515
6455561,SEIKO MENS SILVER TONE BLACK DIAL SOLAR,JEWELRY,44,65.0,80517,77.88,131.25,,,,,,,,,175.0,,,,,,,,,,,,,,175.0,0.406628571429
6515213,MENS BEIGE NYLON STRAP SOLAR DRESS WATCH,JEWELRY,44,65.0,30686,90.63,153.75,,,,,,,,,205.0,,,,,,,,,,,,,,205.0,0.410536585366
6515245,MENS BROWN LEATHER STRAP SOLAR CHRONOGRA,JEWELRY,44,65.0,30767,128.88,221.25,,,,,,,,221.25,295.0,,,,,,,,,,,,,,221.25,0.417491525424
6515246,MENS SILVER TONE SOLAR CHRONOGRAPH WATCH,JEWELRY,44,65.0,30881,152.25,179.12,,179.0,,,,,,262.5,350.0,,,,,,,,,,,,,,179.0,0.150011165699
6515330,MENS TWO TONE TONNEAU SHAPED SOLAR DRESS,JEWELRY,44,65.0,31072,128.88,,,159.0,,,,,,,,,,,,,,,,,,,,,159.0,
6515332,MENS BLACK ION FINISH NYLON STRAP SOLAR,JEWELRY,44,65.0,31080,141.63,179.0,,179.0,,,,,,,325.0,,,,,,,,,,,,,,179.0,0.208770949721
65471264,PND HEART DAKOTA ROSE STERLI,JEWELRY,44,40.0,80360,37.19,199.99,,,,,,,,,225.0,,,,,,,,,,,,,,225.0,0.814040702035
65474771,WCHTIMEX T5E901SQ 04410120000,JEWELRY,44,65.0,10120,26.11,15.39,,28.99,,,,,,,,,,,,,,,,,,29.43,,,28.99,-0.696556205328
65475170,WCH CITIZEN EJ5854-56A,JEWELRY,44,65.0,10538,45.0,72.48,,72.48,,,,,,,89.99,,,,,,,,,,,,,,72.48,0.379139072848
65475477,WCH RELIC ZR11788,JEWELRY,44,65.0,10861,35.0,60.0,,,63.99,,,,,,,,,,,,,,,,,,,,63.99,0.416666666667
65475775,WCH TIMEX T21693 SQ,JEWELRY,44,65.0,11176,26.93,21.99,,32.27,,,,,,,54.95,,,,,,,,,,,32.27,,,32.27,-0.224647567076
65488934,WATCH PULSAR PXX004,JEWELRY,44,65.0,37011,53.5,,,40.25,,,,,,,,,,,,,,,,,,,,,40.25,
65490308,WCH RELIC ZR11761,JEWELRY,44,65.0,43550,29.25,52.5,,52.5,55.99,,,,,56.0,70.0,,,,,,,,,,,,,,52.5,0.442857142857
65494202,EAR 14K WG DIA HNG HOOPS,JEWELRY,44,40.0,50605,33.64,104.99,,,,,,,,,,,,,,,,,,69.99,,,,,69.99,0.679588532241
65494203,EAR 14K YG DIA HNG HOOPS,JEWELRY,44,40.0,50607,35.3,104.99,,,,,,,,,,,,,,,,,,69.99,,,,,69.99,0.663777502619
65506823,WATCH SEIKO SWZ054,JEWELRY,44,65.0,18741,125.38,,,137.0,,,,,,,,,,,,,,,,,,,,,137.0,
65527773,WCH BULOVA 98V02,JEWELRY,44,65.0,40278,74.38,57.75,,,,,,,,,175.0,,,,,,,,,,,,,,175.0,-0.287965367965
65566291,MENS CLASS DIGITAL WATCH,JEWELRY,44,65.0,93649,15.1,,,13.95,,,,,,,,,,,,,,,,,,,,,13.95,
6565406,G300-3AV MNS GSHOCK,JEWELRY,44,65.0,89311,50.0,74.25,,58.24,,,,,,,108.95,,,,,,,,,,,,,,58.24,0.326599326599
6565414,G9000-1V MNS GSHOCK,JEWELRY,44,65.0,89310,50.0,74.25,,67.72,,,99.95,,,79.2,99.0,,,,,,,,,,,,,,67.72,0.326599326599
6565415,G9100-1 MNS GSHOCK,JEWELRY,44,65.0,89309,60.0,90.0,,69.99,,,,,,,,,,,,,,,,,,,,,69.99,0.333333333333
65658608,WCH RELIC ZR11787,JEWELRY,44,65.0,10856,35.0,60.0,,60.0,63.99,,,,,64.0,,,,,,,,,,,,,,,60.0,0.416666666667
6572301,JEWELRY CLEANER 8 OZ. JEWELRY CLNR,JEWELRY,44,40.0,61489,2.29,,,,,,,,,,,,,,,,,,,4.99,,,,,4.99,
6572302,JEWELRY CLEANER 7 OZ. SILVER JWLRY C,JEWELRY,44,40.0,61490,2.29,,,4.99,,,,,,,,,,,,,,,,,,,,,4.99,
6572404,WTCH UNI ECO WR200 SSB BRAC BLACK,JEWELRY,44,65.0,90169,198.0,247.5,,371.25,,,,,,,,,,,,,,,,,,,,,371.25,0.2
6587938,WTCH MENS DIGITAL BLACK URETHANE,JEWELRY,44,65.0,16736,74.0,138.75,,69.99,,,,,,,,,,,,,,,,,,,,,69.99,0.466666666667
6588092,WTCH MENS BLACK URETHANE,JEWELRY,44,65.0,16738,74.0,138.75,,95.34,,,,,,,,,,,,,,,,,,,,,95.34,0.466666666667
6588787,WTCH MENS TWO TONE STLS STEEL FLUTED,JEWELRY,44,65.0,16743,53.5,,,30.56,,,,,,,,,,,,,,,,,,,,,30.56,
6589292,WTCH MENS GOLD TONE STLS STEEL,JEWELRY,44,65.0,16749,50.0,93.75,,52.65,,,,,,,,,,,,,,,,,,,,,52.65,0.466666666667
6597121,WTCH MENS SILVER TONE STLS EXPANSION,JEWELRY,44,65.0,16752,54.0,101.25,,89.0,,,,,,,,,,,,,,,,,,,,,89.0,0.466666666667
6602445,WTCH MENS ACTIVE SPORT BLK STRAP,JEWELRY,44,65.0,16760,54.0,101.25,,74.95,,,,,,,,,,,,,,,,,,,,,74.95,0.466666666667
6602521,WTCH MENS TWO TONE STLS STEEL,JEWELRY,44,65.0,16761,54.0,101.25,,77.6,,,,,,,,,,,,,,,,,,,,,77.6,0.466666666667
6603437,WTCH MENS RALLY CHRONOGRPH BLK STRAP,JEWELRY,44,65.0,16765,79.98,149.96,,109.0,,,,,,,,,,,,,,,,,,,,,109.0,0.466657775407
6609515,WTCH WOMEN SOLAR BROWN STRAP,JEWELRY,44,65.0,16723,86.38,68.25,,97.5,,,,,,,185.0,,,,,,,,,,,,,,97.5,-0.265641025641
67141805,WCH CITIZEN EU1974-57A,JEWELRY,44,65.0,10543,45.0,72.48,,72.48,,,,,,,,,,,,,,,,,,,,,72.48,0.379139072848
67141808,WCH CITIZEN EG2450-53E,JEWELRY,44,65.0,10554,100.0,,187.5,187.5,,,,,,,,,,,,,,,,,,,,,187.5,
67141963,WATCH SEIKO SWZ058,JEWELRY,44,65.0,18451,125.38,,,132.39,221.25,,,,,,,,,,,,,,,,,,,,132.39,
67143878,WCH CITIZEN BM8240-03E M,JEWELRY,44,65.0,40016,70.0,131.25,131.25,131.25,,,,,,,175.0,,,,,,,,,,,,,,131.25,0.466666666667
6714930,MENS PREMIER GOLD TONE LEATHER STRAP PER,JEWELRY,44,65.0,10831,184.13,318.75,,,,,,,,318.75,425.0,,,,,,,,,,,,,,318.75,0.422337254902
6799699,MENS SILVER TONE SOLAR ALARM CHRONOGRAPH,JEWELRY,44,65.0,28693,184.13,216.62,,189.58,,,,,,,,,,,,,,,,,,,,,189.58,0.149986150863
6799709,LADIES GOLD TONE STAINLES STEEL SOLAR WA,JEWELRY,44,65.0,30518,116.13,136.62,,112.9,,,,,,,265.0,,,,,,,,,,,,,,112.9,0.149978041282
6883839,WTCH LDS 45 7030PNK,JEWELRY,44,65.0,89765,13.54,,,21.0,,,,,,,,,,,,,,,,,,21.0,,,21.0,
6974371,LADIES SILVER TONE SOLAR CALENDAR WATCH,JEWELRY,44,65.0,1201,103.38,121.62,,117.0,,,,,,,235.0,,,,,,,,,,,,,,117.0,0.149975333004
7045080,STERLING SILVER MEMORIAL HEART PENDANT,JEWELRY,44,75.0,3599,59.0,123.99,,,,,,,,,,,,,,,,,,49.99,,,,,49.99,0.524155173804
7045090,HEAVENLY ANGEL HEART NECKLACE,JEWELRY,44,75.0,36013,6.5,13.99,,,,,,,,,,,,,,,,,,,,13.99,,,13.99,0.535382416011
7113602,WCHTIMEX T20071SQ 04410036000,JEWELRY,44,65.0,46595,17.14,,,23.99,,,,,,,,,,,,,,,,23.99,,,,,23.99,
7115656,B CLASSICS WATCH BL STRAP WHITE DIAL,JEWELRY,44,65.0,10078,21.22,,,22.99,,,,,,,54.95,,,,,,,,,,,,,,22.99,
7121357,WTCH MENS ECO SSB AXIOM CHRN,JEWELRY,44,65.0,16960,150.0,281.25,,240.0,,,,,,,,,,,,,,,,,,,,,240.0,0.466666666667
7140437,B CASIO WATCH FT600WB-5BV BRN CSE,JEWELRY,44,65.0,44109,16.72,22.23,,22.23,,,,,,,,,,,,,,,,,,22.23,,,22.23,0.247863247863
7154259,LADIES PINK GOLD TONE CRYSTAL ACCENT WAT,JEWELRY,44,65.0,89486,53.5,93.75,,57.18,,,,,,100.0,,,,,,,,,,,,,,,57.18,0.429333333333
7154288,MENS SILVER TONE WHITE DIAL LUMIBRITE CA,JEWELRY,44,65.0,89607,47.5,82.5,,34.55,,,,,,,,,,,,,,,,,,,,,34.55,0.424242424242
7154348,LADIES CRYSTAL BEZEL DRESS WATCH PP6104,JEWELRY,44,65.0,89536,65.5,116.25,,74.91,,,,,,,,,,,,,,,,,,,,,74.91,0.436559139785
7154381,MENS SILVER TONE DIGITAL WORLD TIME CHRO,JEWELRY,44,65.0,89584,83.48,149.96,,109.0,,,,,,,,,,,,,,,,,,,,,109.0,0.443318218192
7154778,MENS TWO TONE BLACK DIAL LUMIBRITE WATCH,JEWELRY,44,65.0,89586,49.5,,,73.6,,,,,,,,,,,,,,,,,,,,,73.6,
7154885,LADIES SILVER DIAL DRESS WATCH PJ2010X,JEWELRY,44,65.0,89544,38.5,52.49,,,,,,,,88.0,,,,,,,,,,,,,,,88.0,0.266526957516
7155029,LADIES SILVER TONE BLACK DIAL MESH BRACE,JEWELRY,44,65.0,89590,33.5,44.99,,27.47,,,,,,,,,,,,,,,,,,,,,27.47,0.255390086686
7155268,LADIES GOLD TONE MOTHER OF PEARL DIAL CR,JEWELRY,44,65.0,89488,61.5,108.75,,57.42,,,,,,,,,,,,,,,,,,,,,57.42,0.434482758621
7155400,LADIES TWO TONE GREY DIAL CRYSTAL ACCENT,JEWELRY,44,65.0,89567,65.5,116.25,,77.74,,,,,,124.0,,,,,,,,,,,,,,,77.74,0.436559139785
7155401,MENS GOLD TONE WHITE DIAL LEATHER STRAP,JEWELRY,44,65.0,89619,43.3,74.62,,48.01,,,,,,79.6,,,,,,,,,,,,,,,48.01,0.419726614849
7155629,LADIES GOLD TONE WHITE DIAL LEATHER STRA,JEWELRY,44,65.0,89576,43.3,74.62,,57.24,,,,,,,,,,,,,,,,,,,,,57.24,0.419726614849
7156079,MENS SILVER TONE CALENDAR DRESS WATCH PJ,JEWELRY,44,65.0,89573,47.5,82.5,,49.54,,,,,,,,,,,,,,,,,,,,,49.54,0.424242424242
7156126,MENS GOLD TONE EXPANSION CALENDAR WATCH,JEWELRY,44,65.0,89622,43.3,74.62,,59.0,,,,,,,,,,,,,,,,,,,,,59.0,0.419726614849
7156128,LADIES SILVER TONE CRYSTAL ACCENT WATCH,JEWELRY,44,65.0,89575,73.5,131.25,,72.07,,,,,,140.0,,,,,,,,,,,,,,,72.07,0.44
7156457,MENS SILVER DIAL CHRONOGRAPH PT3419X,JEWELRY,44,65.0,89515,53.5,74.99,,67.99,,,,,,,,,,,,,,,,,,,,,67.99,0.286571542872
7156490,LADIES GOLD TONE STAINELSS STEEL BANGLE,JEWELRY,44,65.0,89624,47.5,82.5,,29.99,,,,,,,,,,,,,,,,,,,,,29.99,0.424242424242
7156817,MENS SILVER TONE BLACK DIAL CALENDAR WAT,JEWELRY,44,65.0,89625,39.3,67.12,,53.7,,,,,,,,,,,,,,,,,,,,,53.7,0.414481525626
7156936,MENS LEATHER STRAP CHRONOGRAPH WATCH PT3,JEWELRY,44,65.0,89602,53.5,74.99,,67.85,,,,,,79.99,,,,,,,,,,,,,,,67.85,0.286571542872
7181490,LADIES BULOVA DIAMOND DIAL TWO TONE WATC,JEWELRY,44,65.0,90057,148.75,,,,262.5,,,,,,,,,,,,,,,,,,,,262.5,
7280385,MENS TWO TONE CHRONOGRAPH WATCH,JEWELRY,44,65.0,91335,58.0,108.75,,108.75,,,,,,,,,,,,,,,,,,,,,108.75,0.466666666667
7280401,MENS SILVER TONE CALENDAR WATCH,JEWELRY,44,65.0,91332,58.0,108.75,,55.36,,,,,,,,,,,,,,,,,,,,,55.36,0.466666666667
7420792,MEN ECO WR100 SSRG STRA BLCK,JEWELRY,44,65.0,90144,150.0,,,262.5,281.25,,,,,,,,,,,,,,,,,,,,262.5,
7470774,MENS LEATHER BAND SOLAR ALARM CHRONOGRAP,JEWELRY,44,65.0,12869,57.5,101.25,,89.0,,,,,,,,,,,,,,,,,,,,,89.0,0.432098765432
7470776,MENS TWO TONE SOLAR CHRONOGRAPH PM2145,JEWELRY,44,65.0,1289,43.3,74.62,,,,,,,,79.6,,,,,,,,,,,,,,,79.6,0.419726614849
7470777,MENS GOLD TONE SOLAR CHRONOGRAPH PT3641X,JEWELRY,44,65.0,1290,53.5,,,63.58,,,,,,,,,,,,,,,,,,,,,63.58,
7470779,MENS TWO TONE TITANIUM SOLAR WATCH PH812,JEWELRY,44,65.0,1294,43.5,59.99,,62.79,,,,,,108.0,,,,,,,,,,,,,,,62.79,0.274879146524
7505903,B CLASSICS T20031 BLUE DIAL SLV,JEWELRY,44,65.0,46593,19.58,,,27.99,,,,,,,,,,,,,,,,27.99,,,,,27.99,
7525584,BASIC DIGITAL RESIN BLACK,JEWELRY,44,65.0,88959,13.0,,,17.27,,,,,,,,,,,,,,,,17.49,,17.27,,,17.27,
7573787,MENS ARMITRON DIGITAL WATCH,JEWELRY,44,65.0,97419,15.75,,,26.24,,,,,,,,,,,,,,,,,,,,,26.24,
7573880,LADIES ARMITRON DIGITAL WATCH,JEWELRY,44,65.0,97415,11.28,,,18.74,,,,,,,,,,,,,,,,,,,,,18.74,
7621609,WTCH MENS DIGI SPORT,JEWELRY,44,65.0,80713,18.2,27.99,,,,,,,,,,,,,,,,,,,,20.84,,,20.84,0.349767774205
7684908,RELIC MNS TWO TONE ROUND AUTOMATIC,JEWELRY,44,65.0,97400,61.0,,,105.0,,,,,,,,,,,,,,,,,,,,,105.0,
7688235,LADIES SILVERTONE BRACELET,JEWELRY,44,65.0,96481,27.0,,,44.99,,,,,,,,,,,,,,,,,,,,,44.99,
7689492,LADIES ARMITRON DIGITAL WATCH,JEWELRY,44,65.0,97414,11.28,,,18.74,,,,,,,,,,,,,,,,,,,,,18.74,
7689505,LADIES ARMITRON DIGITAL WATCH,JEWELRY,44,65.0,97413,13.54,,,22.49,,,,,,,,,,,,,,,,,,,,,22.49,
7689527,LADIES ARMITRON DIGITAL WATCH,JEWELRY,44,65.0,97412,13.54,,,22.49,,,,,,,,,,,,,,,,,,,,,22.49,
7735587,WTCH LDS DIAM DIAL 75 5197BLSV,JEWELRY,44,65.0,80600,28.15,16.79,,44.99,,,,,,,,,,,,,,,,,,,,,44.99,-0.676593210244
7737805,WTCH MENS GOLD-TONESS MULTIFUNCTION,JEWELRY,44,65.0,80541,42.25,,,62.76,,,,,,,89.99,,,,,,,,,,,,,,62.76,
7737843,WTCH MENS DIAM DIALBLUE SUNRAY DIAMOND,JEWELRY,44,65.0,80539,29.25,45.49,,45.49,,,,,,,,,,,,,,,,,,45.49,,,45.49,0.3570015388
7737967,WTCH MENS SS SILVERTONE TEXTURED BEZEL,JEWELRY,44,65.0,80538,39.95,,,63.73,,,,,,,,,,,,,,,,,,,,,63.73,
7738075,WTCH MENS SS RND SLV,JEWELRY,44,65.0,80536,30.55,44.04,,44.04,,,,,,,,,,,,,,,,,,,,,44.04,0.306312443233
7738126,WTCH MENS TT EXP BNDBLUE SAND BLAST FIN,JEWELRY,44,65.0,80535,30.55,18.19,,48.74,,,,,,,,,,,,,,,,,,,,,48.74,-0.679494227598
7860204,LADIES BULOVA CRYSTAL HEART BOX SET,JEWELRY,44,65.0,90544,112.63,,,,198.75,,,,,,,,,,,,,,,,,,,,198.75,
7912636,LADIES TWO TONE WHITOVAL QUARTZ WATCH,JEWELRY,44,65.0,97472,43.3,74.62,,74.5,,,,,,,,,,,,,,,,,,,,,74.5,0.419726614849
7931527,WTCH MENS SOLAR RUN BLK,JEWELRY,44,65.0,47482,26.0,19.98,,29.32,,,,,,,,,,,,,,,,29.49,,29.32,,,29.32,-0.301301301301
7931529,WTCH MENS SOLAR RUN BLK RED,JEWELRY,44,65.0,47451,26.0,19.98,,28.49,,,,,,,,,,,,,,,,,,,,,28.49,-0.301301301301
7962389,MENS TWO TONE DAY DATE EXPANSION WTCH,JEWELRY,44,65.0,97494,47.5,82.5,,79.0,,,,,,,,,,,,,,,,,,,,,79.0,0.424242424242
80859311,SPORT JELLY STRAP PINK WITH SILVER TOP,JEWELRY,44,65.0,10188,9.4,,,18.74,,,,,,,,,,,,,,,,,,,,,18.74,
8100544,LADIES SPORT ANALOG 25 6418BLK,JEWELRY,44,65.0,89992,13.54,,,22.49,,,,,,,,,,,,,,,,,,,,,22.49,
8188062,BLACK LARGE VIVOSMART,JEWELRY,44,65.0,90448,116.0,,,,,129.99,,,,,,,,,,,,,,,,,,,129.99,
8188067,BERRRY SMALL VIVOSMART,JEWELRY,44,65.0,90447,116.0,,,,,129.99,,,,,,,,,,,,,,,,,,,129.99,
8188072,BLACK VIVOFIT 2 ACH S2,JEWELRY,44,65.0,90443,77.5,,,59.99,,66.99,,,,,129.99,,,,,,,,,,,,,,59.99,
8188074,GRAY AND BLACK FENIX3,JEWELRY,44,65.0,90449,349.99,,,499.99,,499.99,,,,,,,,,,,,,,,,,,,499.99,
8207422,STRP WTCH 8229CPK,JEWELRY,44,65.0,96609,15.75,,,24.96,,,,,,,,,,,,,,,,,,,,,24.96,
8207820,STRP WTCH 8278CGN,JEWELRY,44,65.0,96608,15.75,,,26.24,,,,,,,,,,,,,,,,,,24.96,,,24.96,
8209392,STRP WTCH 8360WHT,JEWELRY,44,65.0,96512,13.54,,,22.49,,,,,,,,,,,,,,,,,,,,,22.49,
8209607,STRP WTCH 7012BLU,JEWELRY,44,65.0,96510,11.28,,,18.74,,,,,,,,,,,,,,,,,,,,,18.74,
8211056,STRP WTCH 7012RSG,JEWELRY,44,65.0,96503,11.28,,,22.49,,,,,,,,,,,,,,,,,,,,,22.49,
8211883,STRP WTCH 7045RDBL,JEWELRY,44,65.0,96487,11.28,,,18.74,,,,,,,,,,,,,,,,,,,,,18.74,
8212009,STRP WTCH 7062BLU,JEWELRY,44,65.0,96486,11.28,,,18.74,,,,,,,,,,,,,,,,,,,,,18.74,
8212081,STRP WTCH 7062LGN,JEWELRY,44,65.0,96483,11.28,,,18.74,,,,,,,,,,,,,,,,,,,,,18.74,
8213426,RELIC LDS SILVER GLITZ MINI SOPHIA,JEWELRY,44,65.0,95888,26.0,,,,55.99,,,,,,,,,,,,,,,,,,,,55.99,
8215313,RELIC LDS RG GLITZ MINI SOPHIA,JEWELRY,44,65.0,95886,31.5,,,53.99,63.99,,,,,,,,,,,,,,,,,,,,53.99,
8219998,WTCH MEN ECO SST BR,JEWELRY,44,65.0,90274,110.0,,206.25,141.09,,,,,,,,,,,,,,,,,,,,,141.09,
8383438,LAD ECO WR050 SS BRAC PINK,JEWELRY,44,65.0,88909,78.0,,,124.8,,,,,,,,,,,,,,,,,,,,,124.8,
8390095,MEN ECO WR200 SS BRAC BLCK,JEWELRY,44,65.0,88926,158.0,,,252.8,,,,,,,,,,,,,,,,,,,,,252.8,
8419253,MENS SOLAR SPORT WATCH,JEWELRY,44,65.0,91317,54.0,101.25,,86.4,,,,,,,,,,,,,,,,,,,,,86.4,0.466666666667
8419257,MENS SOLAR DRESS WATCH,JEWELRY,44,65.0,91117,54.0,101.25,,79.0,,,,,,,,,,,,,,,,,,,,,79.0,0.466666666667
8419258,MENS SOLAR DRESS WATCH,JEWELRY,44,65.0,91114,54.0,101.25,,79.0,,,,,,,,,,,,,,,,,,,,,79.0,0.466666666667
8419286,LADIES SOLAR EXPANSION WATCH,JEWELRY,44,65.0,90910,58.0,108.75,,108.75,,,,,,,,,,,,,,,,,,,,,108.75,0.466666666667
8433063,WTCH LDS SPORT 45 7036BLU,JEWELRY,44,65.0,89989,15.75,,,26.24,,,,,,,,,,,,,,,,,,,,,26.24,
8455851,MEN ECO WR030 SSG BRAC BLCK,JEWELRY,44,65.0,88921,140.0,,,224.0,,,,,,,,,,,,,,,,,,,,,224.0,
8482373,LED ALARM CLOCK WITH USB CHARGING PORT 7,JEWELRY,44,65.0,4715,,17.99,,,,,,,,,,,,,,,,,,,,13.5,,,13.5,
8518321,WTCH MENS GOLD TONESS SOLAR,JEWELRY,44,65.0,80217,86.38,68.25,,124.8,146.25,,,,,146.25,195.0,,,,,,,,,,,,,,124.8,-0.265641025641
8518462,LADIES DRESS SS SLVRSILVER NO SIZE,JEWELRY,44,65.0,34307,46.0,86.25,,86.25,,,,,,92.0,,,,,,,,,,,,,,,86.25,0.466666666667
8518465,LADIES DRESS SS SLVRSILVER NO SIZE,JEWELRY,44,65.0,34308,39.8,54.57,,54.57,,,,,,,,,,,,,,,,,,,,,54.57,0.270661535642
8518470,MENS DRESS 30M SLVR SILVER NO SIZE,JEWELRY,44,65.0,34309,46.0,86.25,,86.25,,,,,,,,,,,,,,,,,,,,,86.25,0.466666666667
8518488,LADIES GP CHMP DIAL GOLD NO SIZE,JEWELRY,44,65.0,34310,58.0,88.71,,88.71,,,,,,,,,,,,,,,,,,,,,88.71,0.346184195694
8518493,MENS DRESS TT SLVR DSILVER NO SIZE,JEWELRY,44,65.0,34312,58.0,72.5,,,,,,,,93.0,,,,,,,,,,,,,,,93.0,0.2
8518505,MENS SS BLU DIAL 100SILVER NO SIZE,JEWELRY,44,65.0,3433,61.5,77.6,,77.6,,,,,,116.0,,,,,,,,,,,,,,,77.6,0.207474226804
8540512,LADIES TRESSIA SOLAR DIAMOND BEZEL,JEWELRY,44,65.0,93512,201.88,166.25,,,356.25,,,,,,,,,,,,,,,,,,,,356.25,-0.214315789474
8540522,LADIES COUTURA SOLAR DIAMOND BEZEL,JEWELRY,44,65.0,93085,210.38,,,,371.25,,,,,,,,,,,,,,,,,,,,371.25,
87156663,MENS ECO DRIVE SS BLACK DIAL,JEWELRY,44,65.0,12934,118.0,103.25,,206.5,,,,,,,,,,,,,,,,,,,,,206.5,-0.142857142857
87187158,WCH BULOVA 96B015,JEWELRY,44,65.0,12959,84.58,119.0,,119.0,,,,,,,199.0,,,,,,,,,,,,,,119.0,0.289243697479
8748531,INVICTA PRO DIVER MEN 40MM STAINLESS STE,JEWELRY,44,65.0,88867,59.92,,,,,,,,,,,,,,,,,,,,,102.17,,,102.17,
8748616,INVICTA PRO DIVER MEN 48.8MM STAINLESS S,JEWELRY,44,65.0,95664,81.32,,,91.82,,,,,,,,,,,,,,,,,,,,,91.82,
8771222,LADIES SOLAR EXPANSION WATCH,JEWELRY,44,65.0,81041,53.5,,,93.75,,,,,,100.0,,,,,,,,,,,,,,,93.75,
8772272,WTCH MENS SOLAR BLACK ION FINISH,JEWELRY,44,65.0,80206,125.38,221.25,,,,,,,,,295.0,,,,,,,,,,,,,,295.0,0.433310734463
8772277,WTCH MENS SILVER TONE SS SOLAR BLUE,JEWELRY,44,65.0,80208,99.88,176.25,,,,,,,,,235.0,,,,,,,,,,,,,,235.0,0.433304964539
8828869,PRO DIVER MEN 47MM STAINLESS STEEL STAIN,JEWELRY,44,65.0,90802,88.27,,,107.75,,,,,,,,,,,,,,,,,,,,,107.75,
8828965,SEA SPIDER MEN 50MM STAINLESS STEEL BLAC,JEWELRY,44,65.0,90971,81.32,,,74.99,,,,,,,,,,,,,,,,,,,,,74.99,
8879266,MENS SOLAR DRESS WATCH,JEWELRY,44,65.0,81826,49.5,,,73.6,,,,,,,,,,,,,,,,,,,,,73.6,
8879267,MENS SOLAR EXPANSION WATCH,JEWELRY,44,65.0,81827,49.5,,,73.92,,,,,,,,,,,,,,,,,,,,,73.92,
8956573,WTCH MENS GUN BLUE GARRETT,JEWELRY,44,65.0,89803,43.5,28.0,,28.0,,,,,,,100.0,,,,,,,,,,,,,,28.0,-0.553571428571
8956575,WTCH LDS SILVER ROSE CHARLOTTE,JEWELRY,44,65.0,89801,35.0,,,60.0,63.99,,,,,,,,,,,,,,,,,,,,60.0,
91292011,CASIO WATCH LTP1165A-4C,JEWELRY,44,65.0,93610,18.1,,,20.97,,,,,,,,,,,,,,,,,,,,,20.97,
9162067,MENS VIBRATION ALARM LED LIGHT BLK CLOTH,JEWELRY,44,65.0,90665,23.4,,,31.45,,,,,,,,,,,,,,,,,,,,,31.45,
9162069,MENS 3D DIAL ANALOG DIGITAL HEEAVY DUTY,JEWELRY,44,65.0,90663,18.2,,,25.0,,,,,,,,,,,,,,,,,,,,,25.0,
9162070,G-SHOCK PROTECTOR LUG RESIN BLK W RED AC,JEWELRY,44,65.0,90668,65.0,,,72.98,,,,,,,,,,,,,,,,,,,,,72.98,
9162071,MENS 3-HAND ANALOG SOLAR BLK GLD,JEWELRY,44,65.0,90664,28.6,,,37.0,,,,,,,,,,,,,,,,,,,,,37.0,
9162073,MENS VIBRATION ALARM LED LIGHT GREEN CLO,JEWELRY,44,65.0,90666,23.4,,,25.99,,,,,,,,,,,,,,,,,,,,,25.99,
9162075,MENS 3D DIAL ANALOG DIGITAL HEAVY DUTY B,JEWELRY,44,65.0,90662,23.4,,,30.37,,,,,,,,,,,,,,,,,,,,,30.37,
9176078,LADIES RECRAFT SOLAR WITH MOP DIAL AND S,JEWELRY,44,65.0,82152,152.25,,,204.66,,,,,,,,,,,,,,,,,,,,,204.66,
9177298,MEN S ON THE GO SOLAR CHRONOGRAPH WITH B,JEWELRY,44,65.0,82188,83.48,,,93.98,,,,,,,,,,,,,,,,,,,,,93.98,
9177299,MEN S ON THE GO SOLAR CHRONOGRAPH TWO TO,JEWELRY,44,65.0,82191,83.48,,,149.96,,,,,,,,,,,,,,,,,,,,,149.96,
9177301,LADIES EASY STYLE SOLAR TWO TONE WITH MO,JEWELRY,44,65.0,82198,65.5,,,116.25,,,,,,,,,,,,,,,,,,,,,116.25,
9177304,MEN S ON THE GO COLLECTION WITH ANALOG,JEWELRY,44,65.0,82201,61.5,,,108.75,,,,,,,,,,,,,,,,,,,,,108.75,
9177305,MEN S ON THE GO COLLECTION WITH ANALOG,JEWELRY,44,65.0,82203,73.5,,,131.25,,,,,,,,,,,,,,,,,,,,,131.25,
9177306,MEN S ON THE GO COLLECTION CHRONOGRAPH W,JEWELRY,44,65.0,82206,73.5,,,87.42,,,,,,,,,,,,,,,,,,,,,87.42,
9177308,MEN S BUSINESS COLLECTION SILVER TONE WI,JEWELRY,44,65.0,82210,49.5,,,77.99,,,,,,,,,,,,,,,,,,,,,77.99,
9177309,MEN S BUSINESS COLLECTION TWO TONE WITH,JEWELRY,44,65.0,82211,57.5,,,47.43,,,,,,,,,,,,,,,,,,,,,47.43,
9177310,MEN S BUSINESS COLLECTION GOLD TONE WITH,JEWELRY,44,65.0,82212,57.5,,,66.33,,,,,,,,,,,,,,,,,,,,,66.33,
9177312,MEN S EASY STYLE COLLECTION SILVER TONE,JEWELRY,44,65.0,82213,73.5,,,131.25,,,,,,,,,,,,,,,,,,,,,131.25,
9177314,MEN S EASY STYLE COLLECTION GOLD TONE WI,JEWELRY,44,65.0,82215,77.5,,,138.73,,,,,,,,,,,,,,,,,,,,,138.73,
9177315,MEN S EASY STYLE COLLECTION SILVER TONE,JEWELRY,44,65.0,82216,49.5,,,86.25,,,,,,,,,,,,,,,,,,,,,86.25,
9177316,MEN S EASY STYLE COLLECTION TWO TONE WIT,JEWELRY,44,65.0,82217,57.5,,,86.4,,,,,,,,,,,,,,,,,,,,,86.4,
9177318,LADIES NIGHT OUT COLLECTION TWO TONE WIT,JEWELRY,44,65.0,82234,57.5,,,101.25,,,,,,,,,,,,,,,,,,,,,101.25,
9177319,LADIES NIGHT OUT COLLECTION GOLD TONE WI,JEWELRY,44,65.0,82235,57.5,,,101.25,,,,,,,,,,,,,,,,,,,,,101.25,
9177320,LADIES NIGHT OUT COLLECTION SILVER TONE,JEWELRY,44,65.0,82237,53.5,,,93.72,,,,,,,,,,,,,,,,,,,,,93.72,
9177321,LADIES NIGHT OUT COLLECTION TWO TONE ROS,JEWELRY,44,65.0,82238,57.5,,,82.45,,,,,,,,,,,,,,,,,,,,,82.45,
9177322,LADIES NIGHT OUT COLLECTION GOLD TONE WI,JEWELRY,44,65.0,82239,57.5,,,70.71,,,,,,,,,,,,,,,,,,,,,70.71,
9177323,LADIES BUSINESS COLLECTION SILVER TONE W,JEWELRY,44,65.0,82240,49.5,,,86.25,,,,,,,,,,,,,,,,,,,,,86.25,
9177325,LADIES BUSINESS COLLECTION GOLD TONE WIT,JEWELRY,44,65.0,82243,53.5,,,88.9,,,,,,,,,,,,,,,,,,,,,88.9,
9177326,LADIES EASY STYLE COLLECTION SILVER TONE,JEWELRY,44,65.0,82251,53.5,,,93.75,,,,,,,,,,,,,,,,,,,,,93.75,
9177327,LADIES EASY STYLE COLLECTION TWO TONE WI,JEWELRY,44,65.0,82252,57.5,,,101.25,,,,,,,,,,,,,,,,,,,,,101.25,
9177331,LADIES EASY STYLE COLLECTION ROSE GOLD W,JEWELRY,44,65.0,82259,53.5,,,93.74,,,,,,,,,,,,,,,,,,,,,93.74,
9177332,MEN S EVERYDAY VALUE CHRONOGRAPH WITH BR,JEWELRY,44,65.0,82260,53.5,,,74.99,,,,,,,,,,,,,,,,,,,,,74.99,
9177335,LADIES EVERYDAY VALUE TWO TONE WITH WHIT,JEWELRY,44,65.0,82264,43.5,,,59.99,,,,,,,,,,,,,,,,,,,,,59.99,
9177336,LADIES EVERYDAY VALUE GOLD TONE WITH WHI,JEWELRY,44,65.0,82265,43.5,,,59.99,,,,,,,,,,,,,,,,,,,,,59.99,
9177337,LADIES EVERYDAY VALUE SILVER TONE WITH S,JEWELRY,44,65.0,82266,38.5,,,52.49,,,,,,,,,,,,,,,,,,,,,52.49,
9177338,MEN S ON THE GO COLLECTION SILVER TONE W,JEWELRY,44,65.0,82267,83.48,,,81.69,,,,,,,,,,,,,,,,,,,,,81.69,
9225739,LAD ECO WR100 GT DIA BRAC WHT,JEWELRY,44,65.0,90736,190.0,,356.25,356.25,,,,,,,,,,,,,,,,,,,,,356.25,
9225741,MEN ECO WR100 TIT BRAC WHT,JEWELRY,44,65.0,90733,150.0,,,262.5,,,,,,,,,,,,,,,,,,,,,262.5,
9225745,LAD ECO WR30 SS BRAC MOP,JEWELRY,44,65.0,90730,140.0,,,262.5,,,,,,,,,,,,,,,,,,,,,262.5,
9225749,LAD ECO WR30 GT BANG BLK,JEWELRY,44,65.0,90729,110.0,,206.25,,,,,,,,,,,,,,,,,,,,,,206.25,
9225750,LAD ECO WR30 SS BANG BLK,JEWELRY,44,65.0,90739,100.0,,,,187.5,,,,,,,,,,,,,,,,,,,,187.5,
9225751,MEN ECO WR100 TIT BRAC BLU,JEWELRY,44,65.0,90735,190.0,,,304.0,,,,,,,,,,,,,,,,,,,,,304.0,
9281392,M GLD BRAC 5133BKGP,JEWELRY,44,65.0,90637,33.75,,,56.24,,,,,,,,,,,,,,,,,,,,,56.24,
9284135,M SLV BRAC 5148BLSV BN,JEWELRY,44,65.0,90640,40.5,,,67.49,,,,,,,,,,,,,,,,,,,,,67.49,
9284242,M SLV BRAC 5142BKSV BK,JEWELRY,44,65.0,90644,33.75,,,56.24,,,,,,,,,,,,,,,,,,,,,56.24,
9284951,L GLD BRAC 5413CHGP BH,JEWELRY,44,65.0,90660,29.25,,,36.37,,,,,,,,,,,,,,,,,,,,,36.37,
9305914,BAND WATCH 205134RED,JEWELRY,44,65.0,90636,24.75,,,33.57,,,,,,,,,,,,,,,,,,,,,33.57,
95163111,ARMITRON DRESS MENS TWOTONE BRACELE,JEWELRY,44,65.0,10762,32.85,38.65,,35.99,,,,,,,69.99,,,,,,,,,35.99,,,,,35.99,0.150064683053
95169011,ARMITRON DRESS LADIES SILVERTONE BA,JEWELRY,44,65.0,44021,25.85,19.24,,41.24,,,,,,,,,,,,,,,,,,,,,41.24,-0.343555093555
95195411,ARMITRON DRESS LADIES GOLDTONE BRAC,JEWELRY,44,65.0,10174,28.15,44.99,,44.99,,,,,,,59.99,,,,,,,,,,,,,,44.99,0.3743054012
95502311,ARMITRON DRESS LADIES SILVERTONE BA,JEWELRY,44,65.0,10624,28.2,20.99,,31.5,,,,,,,,,,,,,,,,,,31.5,,,31.5,-0.343496903287
96079211,TIMEX LADIES TIMEX LADIES,JEWELRY,44,65.0,49141,24.48,,,36.0,,,,,,51.96,,,,,,,,,,,,36.0,,,36.0,
